3,Eccott, Ramonda,reccott2@free.fr,84.250.48.120
5,Rebillard, Nadeen,nrebillard4@unesco.org,211.115.163.102
13,McAusland, Reeba,rmcauslandc@sogou.com,168.27.123.144
19,Totterdell, Zora,ztotterdelli@hubpages.com,96.198.98.127
29,Schimek, Matty,mschimeks@tiny.cc,72.191.119.221
35,Blanchflower, Ardelle,ablanchflowery@ebay.co.uk,19.80.183.245
37,Redsull, Lynnelle,lredsull10@ucoz.ru,41.89.201.51
39,Yare, Callida,cyare12@craigslist.org,187.237.168.214
43,Swanborrow, Moyna,mswanborrow16@shop-pro.jp,23.72.35.152
45,Winspur, Emelyne,ewinspur18@gravatar.com,32.141.189.18
49,Jesper, Kayley,kjesper1c@cyberchimps.com,242.218.213.51
51,Spiers, Althea,aspiers1e@4shared.com,151.169.216.23
55,Churchley, Xaviera,xchurchley1i@google.nl,239.141.243.153
59,Chillingworth, Barbara,bchillingworth1m@cdc.gov,151.69.220.151
61,Buntine, Bella,bbuntine1o@wired.com,12.185.57.227
65,Twiggins, Gale,gtwiggins1s@apple.com,255.23.253.5
69,Collymore, Livvie,lcollymore1w@japanpost.jp,205.151.224.23
71,Rudledge, Irita,irudledge1y@linkedin.com,215.195.56.63
75,Drennan, Deana,ddrennan22@harvard.edu,251.211.71.159
77,Scotson, Elvira,escotson24@over-blog.com,99.166.67.177
79,Irving, Kathy,kirving26@goo.gl,137.244.219.83
81,Kochl, Ailey,akochl28@ask.com,24.131.90.192
83,Raatz, Leeanne,lraatz2a@economist.com,170.51.174.5
85,Mathivet, Nanci,nmathivet2c@wisc.edu,184.73.229.248
87,Deathridge, Gussie,gdeathridge2e@hc360.com,11.79.26.154
89,Liver, Cyndy,cliver2g@so-net.ne.jp,172.90.149.21
91,Van der Kruys, Corine,cvanderkruys2i@blogs.com,121.70.193.253
97,McGuggy, Stoddard,smcguggy2o@businessweek.com,239.235.59.171
99,Kilshaw, Nikki,nkilshaw2q@aboutads.info,232.196.125.166
