id,first_name,last_name,email,gender,ip_address
201,Austin,Hanster,ahanster0@mozilla.org,Male,241.182.5.134
202,Kit,Kerton,kkerton1@nsw.gov.au,Polygender,99.169.71.212
203,Maggy,Meddick,mmeddick2@earthlink.net,Female,80.151.101.89
204,Melodee,Tegeller,mtegeller3@goodreads.com,Female,162.224.11.18
205,Torrance,Lewer,tlewer4@geocities.jp,Male,115.126.34.12
206,Romeo,Kordt,rkordt5@miibeian.gov.cn,Male,248.85.245.5
207,Wilden,Buckingham,wbuckingham6@skype.com,Male,12.70.225.177
208,Tess,Growden,tgrowden7@w3.org,Female,208.208.109.232
209,Claudia,Blakeley,cblakeley8@posterous.com,Female,21.141.192.204
210,Pamelina,Foldes,pfoldes9@mac.com,Female,237.174.141.17
211,Jenny,Hebbs,jhebbsa@instagram.com,Female,71.233.188.182
212,Balduin,Tratton,btrattonb@naver.com,Male,217.8.5.20
213,Talbert,Lanceter,tlanceterc@scientificamerican.com,Male,204.97.69.178
214,Ichabod,Ogilvy,iogilvyd@businessinsider.com,Male,52.195.122.250
215,Constantine,Wellard,cwellarde@vinaora.com,Male,109.249.103.172
216,Glory,Bingley,gbingleyf@sciencedaily.com,Female,107.116.51.3
217,Angela,Blakeslee,ablakesleeg@about.me,Female,234.48.1.78
218,Lyndell,Longfoot,llongfooth@cyberchimps.com,Bigender,239.203.117.47
219,Flemming,Anshell,fanshelli@people.com.cn,Male,104.164.41.93
220,Meier,Walton,mwaltonj@disqus.com,Male,31.206.106.43
221,Kate,Skeath,kskeathk@yelp.com,Female,190.172.18.183
222,Isidore,Huygen,ihuygenl@arstechnica.com,Male,0.86.24.187
223,Dinah,Agget,daggetm@sourceforge.net,Female,214.180.70.181
224,Jany,Skinley,jskinleyn@last.fm,Agender,173.31.17.198
225,Madelyn,Cuddon,mcuddono@photobucket.com,Female,227.70.239.49
226,Sebastiano,Adkins,sadkinsp@techcrunch.com,Male,103.42.120.250
227,Lorrie,Poon,lpoonq@ucsd.edu,Non-binary,168.123.167.175
228,Shannan,Plank,splankr@slate.com,Male,43.236.238.230
229,Barty,Nerger,bnergers@washingtonpost.com,Male,61.152.90.75
230,Issie,Champneys,ichampneyst@mlb.com,Genderqueer,21.98.212.38
231,Naomi,Palumbo,npalumbou@1und1.de,Non-binary,10.204.240.136
232,Vinita,Stryde,vstrydev@abc.net.au,Female,10.97.157.8
233,Kenyon,Regan,kreganw@geocities.com,Male,235.246.14.194
234,Blanch,Marcone,bmarconex@npr.org,Female,130.26.203.162
235,Arabele,Upston,aupstony@timesonline.co.uk,Female,5.116.199.200
236,Carney,Pauley,cpauleyz@desdev.cn,Male,86.23.128.245
237,Crista,Barnsdall,cbarnsdall10@cargocollective.com,Female,127.67.6.19
238,Danya,Hamal,dhamal11@eventbrite.com,Male,21.242.208.123
239,Milo,Lathan,mlathan12@youtube.com,Male,244.155.111.197
240,Franzen,Upstell,fupstell13@fotki.com,Male,222.189.244.124
241,Camey,Hovenden,chovenden14@altervista.org,Male,138.227.93.6
242,Malcolm,Shrieves,mshrieves15@deviantart.com,Male,78.22.127.147
243,Isidoro,Dikels,idikels16@miitbeian.gov.cn,Male,10.230.140.166
244,Nelson,Chess,nchess17@bbc.co.uk,Male,27.109.130.179
245,Gaston,Slimming,gslimming18@google.co.jp,Male,242.183.4.40
246,Randy,Liddall,rliddall19@domainmarket.com,Male,174.137.100.1
247,Roby,Ogden,rogden1a@youku.com,Female,200.80.202.249
248,Mona,Truett,mtruett1b@mayoclinic.com,Female,170.116.148.135
249,Gay,Firks,gfirks1c@sakura.ne.jp,Male,139.202.227.4
250,Dyana,Drayn,ddrayn1d@people.com.cn,Female,108.11.7.119
251,Jennette,Yockney,jyockney1e@de.vu,Female,148.5.218.74
252,Gene,Shildrick,gshildrick1f@hostgator.com,Female,4.71.251.50
253,Henderson,Wardall,hwardall1g@prlog.org,Male,124.9.216.220
254,Agosto,Dayley,adayley1h@nyu.edu,Male,186.184.78.109
255,Dale,Yonnie,dyonnie1i@typepad.com,Female,101.232.202.85
256,Dermot,Pottiphar,dpottiphar1j@paypal.com,Genderqueer,87.155.198.190
257,Halsy,Daviot,hdaviot1k@ebay.co.uk,Male,253.209.40.50
258,Powell,Halsho,phalsho1l@dot.gov,Male,206.142.206.69
259,Berton,Osbaldeston,bosbaldeston1m@msn.com,Male,129.226.18.125
260,Marika,De Roos,mderoos1n@last.fm,Female,223.162.147.56
261,Ellie,Rappaport,erappaport1o@gov.uk,Female,127.236.233.94
262,Ashil,Lewens,alewens1p@bloglines.com,Female,211.106.179.189
263,Galven,Cholmondeley,gcholmondeley1q@ucla.edu,Male,202.70.248.221
264,Elton,Algie,ealgie1r@ask.com,Male,171.81.137.234
265,Salvador,Bettis,sbettis1s@ezinearticles.com,Male,239.236.131.85
266,Berta,Pedri,bpedri1t@umn.edu,Female,25.4.223.25
267,Brianne,McGettrick,bmcgettrick1u@washington.edu,Female,14.36.77.70
268,Wye,Hinrichs,whinrichs1v@illinois.edu,Male,30.252.91.84
269,Dugald,Tomaini,dtomaini1w@ca.gov,Male,237.147.69.171
270,Maisie,Scholard,mscholard1x@kickstarter.com,Female,110.137.230.231
271,Kevin,Adolthine,kadolthine1y@princeton.edu,Male,200.40.190.162
272,Carlynne,Collymore,ccollymore1z@nasa.gov,Female,247.5.78.119
273,Laurent,Styant,lstyant20@chicagotribune.com,Male,95.53.166.149
274,Darcy,Zamora,dzamora21@yahoo.com,Female,200.233.136.213
275,Sophi,Bertomier,sbertomier22@symantec.com,Female,123.116.191.40
276,Gennifer,Sellers,gsellers23@prlog.org,Female,82.114.197.159
277,Bekki,Bedburrow,bbedburrow24@answers.com,Bigender,225.224.19.13
278,Ewell,Dorre,edorre25@army.mil,Male,89.48.1.24
279,Loretta,Klessmann,lklessmann26@edublogs.org,Female,139.131.5.127
280,Corissa,Gummory,cgummory27@unc.edu,Genderqueer,13.183.224.146
281,Marc,Huddleston,mhuddleston28@symantec.com,Male,50.121.75.187
282,Nikos,Piotrkowski,npiotrkowski29@smugmug.com,Male,255.48.159.117
283,Nessa,Lethbury,nlethbury2a@behance.net,Female,74.62.124.50
284,Caleb,Attyeo,cattyeo2b@drupal.org,Male,206.212.165.162
285,Cris,Keizman,ckeizman2c@pcworld.com,Male,168.230.106.98
286,Ave,Pettegree,apettegree2d@latimes.com,Bigender,63.54.139.167
287,Renault,Wiffill,rwiffill2e@army.mil,Male,96.135.88.36
288,Madella,Remer,mremer2f@ucoz.ru,Female,233.90.111.228
289,Kylila,Brenard,kbrenard2g@pinterest.com,Female,76.60.88.145
290,Yvon,Blatchford,yblatchford2h@hud.gov,Male,184.124.88.87
291,Roy,Lilford,rlilford2i@java.com,Male,6.78.110.18
292,Deane,Tollmache,dtollmache2j@technorati.com,Female,193.42.137.25
293,Alisander,Durie,adurie2k@wikia.com,Male,198.40.169.87
294,Charis,Waith,cwaith2l@tmall.com,Female,57.86.107.43
295,Heriberto,Allbones,hallbones2m@usnews.com,Male,162.33.57.97
296,Dorothy,Daubney,ddaubney2n@cocolog-nifty.com,Female,149.136.247.91
297,Viviana,O'Doghesty,vodoghesty2o@cbsnews.com,Female,180.128.73.223
298,Park,Earngy,pearngy2p@qq.com,Non-binary,128.1.191.145
299,Harman,Varlow,hvarlow2q@parallels.com,Male,199.35.186.142
300,Alfie,Bastow,abastow2r@facebook.com,Male,149.246.100.12
301,Rurik,Aldwich,raldwich2s@wikipedia.org,Male,107.84.15.120
302,Anastasie,Pietzker,apietzker2t@microsoft.com,Female,101.81.15.7
303,Kort,Nineham,knineham2u@live.com,Male,73.121.47.72
304,Courtney,Caplis,ccaplis2v@addtoany.com,Male,33.12.31.69
305,Alastair,Godthaab,agodthaab2w@goo.gl,Male,95.41.20.236
306,Frank,Woodman,fwoodman2x@nsw.gov.au,Genderqueer,218.20.244.180
307,Daren,Potte,dpotte2y@nps.gov,Male,195.73.72.53
308,Katharina,Longthorne,klongthorne2z@usa.gov,Female,53.236.65.45
309,Lindsay,Geram,lgeram30@bloglines.com,Female,136.25.7.207
310,Fulton,Perse,fperse31@wired.com,Male,53.219.189.16
311,Roger,De Witt,rdewitt32@alibaba.com,Male,217.55.153.242
312,Marlee,Tiery,mtiery33@liveinternet.ru,Female,82.131.199.250
313,Kalvin,Middlebrook,kmiddlebrook34@moonfruit.com,Male,158.152.176.116
314,Ange,Cabotto,acabotto35@scribd.com,Female,241.22.218.4
315,Issi,Harm,iharm36@ox.ac.uk,Female,86.122.210.22
316,Roman,Jouhandeau,rjouhandeau37@elegantthemes.com,Male,231.78.7.42
317,Ashton,Monery,amonery38@angelfire.com,Male,191.186.40.231
318,Phil,Kesper,pkesper39@about.com,Male,50.201.203.138
319,Anthea,Ackred,aackred3a@typepad.com,Female,35.211.59.127
320,Connie,Bergeon,cbergeon3b@linkedin.com,Male,51.89.154.14
321,Mead,Pedlar,mpedlar3c@walmart.com,Male,85.1.154.171
322,Hersh,Gawthrop,hgawthrop3d@360.cn,Male,119.165.243.32
323,Thia,Runcie,truncie3e@usa.gov,Female,68.71.119.124
324,Buffy,Haythorne,bhaythorne3f@yahoo.co.jp,Bigender,228.91.251.50
325,Zorah,Villiers,zvilliers3g@reference.com,Female,172.175.189.213
326,Alisha,Girardy,agirardy3h@360.cn,Female,232.92.51.51
327,Abdel,Hundy,ahundy3i@ning.com,Bigender,26.161.126.171
328,Tomas,Kale,tkale3j@comsenz.com,Male,254.199.141.219
329,Neel,Murra,nmurra3k@gnu.org,Male,195.200.252.94
330,Romy,Gleader,rgleader3l@ow.ly,Female,126.50.160.105
331,Bari,Lackinton,blackinton3m@reverbnation.com,Female,24.93.206.127
332,Whittaker,Reeks,wreeks3n@nih.gov,Male,149.38.145.39
333,Diane-marie,Sutherington,dsutherington3o@bizjournals.com,Female,173.79.207.238
334,Emmalyn,D'Avaux,edavaux3p@unc.edu,Female,177.79.115.109
335,Kath,Brugh,kbrugh3q@i2i.jp,Female,220.118.95.202
336,Fidel,Thomazin,fthomazin3r@indiatimes.com,Male,46.53.10.231
337,Jard,Ormerod,jormerod3s@jiathis.com,Male,59.90.192.48
338,Sigismundo,Godthaab,sgodthaab3t@dot.gov,Male,213.146.160.210
339,Florry,Snasdell,fsnasdell3u@yahoo.co.jp,Female,94.181.45.151
340,Joanie,Leving,jleving3v@slideshare.net,Female,246.132.95.52
341,Clemmie,Verrechia,cverrechia3w@baidu.com,Male,137.61.83.10
342,Miriam,Paxman,mpaxman3x@google.ca,Female,228.14.213.163
343,Hamnet,Sexstone,hsexstone3y@php.net,Male,143.230.173.135
344,Gayler,Yanez,gyanez3z@umich.edu,Male,70.196.142.118
345,Terrance,Routham,troutham40@army.mil,Male,221.197.38.183
346,Franz,Fance,ffance41@nih.gov,Male,78.22.102.205
347,Opalina,Newlands,onewlands42@senate.gov,Female,251.90.92.169
348,Yanaton,Krop,ykrop43@dell.com,Male,170.147.183.189
349,Jasmine,McNee,jmcnee44@sbwire.com,Female,73.118.227.146
350,Temple,Beiderbecke,tbeiderbecke45@smh.com.au,Male,112.34.169.20
351,Humfried,Grassi,hgrassi46@nih.gov,Male,178.185.237.177
352,Tailor,Gobeau,tgobeau47@networkadvertising.org,Male,42.166.97.221
353,Connie,Leinweber,cleinweber48@addtoany.com,Male,198.82.41.85
354,Rodolphe,Koopman,rkoopman49@utexas.edu,Male,164.192.25.206
355,Cris,Halson,chalson4a@scribd.com,Female,63.220.148.173
356,Budd,Gierth,bgierth4b@vk.com,Male,101.114.176.21
357,Imelda,Yetman,iyetman4c@xing.com,Female,174.244.8.99
358,Homerus,Tonkinson,htonkinson4d@tamu.edu,Male,10.35.85.140
359,Flinn,Quittonden,fquittonden4e@jugem.jp,Male,114.147.166.57
360,Eziechiele,Gadson,egadson4f@yellowbook.com,Male,228.132.130.173
361,Vincenty,Wimp,vwimp4g@php.net,Male,209.187.222.170
362,Marge,Jerzycowski,mjerzycowski4h@sourceforge.net,Non-binary,35.185.115.31
363,Mead,Crier,mcrier4i@cpanel.net,Male,46.151.251.114
364,Brandy,McGebenay,bmcgebenay4j@trellian.com,Female,201.220.192.185
365,Chrystel,Yeomans,cyeomans4k@rediff.com,Female,14.177.166.240
366,Ulberto,Carlone,ucarlone4l@sfgate.com,Male,171.218.68.129
367,Orelle,Curm,ocurm4m@livejournal.com,Female,22.77.211.14
368,Arnuad,Mauser,amauser4n@artisteer.com,Male,12.171.215.233
369,Agnesse,Pizer,apizer4o@nps.gov,Female,105.161.39.120
370,Denise,Ambrosch,dambrosch4p@cargocollective.com,Female,170.71.82.77
371,Wilfrid,Alliston,walliston4q@qq.com,Male,146.88.10.45
372,Marijo,Jori,mjori4r@seattletimes.com,Agender,140.255.62.137
373,Sheppard,Dallaway,sdallaway4s@toplist.cz,Male,231.136.220.247
374,Audry,McClements,amcclements4t@foxnews.com,Female,21.39.166.200
375,Goldy,Swyn,gswyn4u@nydailynews.com,Female,80.126.122.56
376,Anneliese,Denes,adenes4v@squarespace.com,Female,225.190.242.227
377,Jerry,Denslow,jdenslow4w@businessinsider.com,Female,192.162.237.151
378,Horten,Dillon,hdillon4x@acquirethisname.com,Male,145.167.120.130
379,Miran,Riddich,mriddich4y@webeden.co.uk,Agender,50.176.145.94
380,Felipe,Winsor,fwinsor4z@de.vu,Male,73.171.218.19
381,Lucky,Armin,larmin50@indiegogo.com,Female,142.232.238.254
382,Matilde,Guillot,mguillot51@360.cn,Female,25.76.148.179
383,Susan,Dresche,sdresche52@hibu.com,Female,34.184.53.138
384,Verina,Giveen,vgiveen53@huffingtonpost.com,Female,48.102.177.7
385,Ilyse,Senogles,isenogles54@w3.org,Female,67.36.17.165
386,Arne,Strauss,astrauss55@army.mil,Male,151.172.175.252
387,Guinevere,Schieferstein,gschieferstein56@hexun.com,Female,189.162.161.122
388,Rica,Brabben,rbrabben57@ifeng.com,Female,29.71.183.127
389,Janie,Winchurch,jwinchurch58@bandcamp.com,Female,200.196.205.182
390,Elsey,Gautrey,egautrey59@dailymail.co.uk,Female,112.34.62.132
391,Pearla,Jills,pjills5a@e-recht24.de,Female,52.10.119.38
392,Pierre,Strewther,pstrewther5b@imageshack.us,Male,242.123.78.206
393,Regine,Windrus,rwindrus5c@arstechnica.com,Female,145.140.77.86
394,Stevena,Licciardi,slicciardi5d@paginegialle.it,Female,173.56.111.234
395,Bryce,Gwilliam,bgwilliam5e@sciencedirect.com,Male,112.166.213.96
396,Phillipp,Stayt,pstayt5f@exblog.jp,Male,96.27.122.75
397,Woodie,Perin,wperin5g@independent.co.uk,Male,22.108.138.73
398,Horacio,Hitzmann,hhitzmann5h@tinypic.com,Male,19.178.126.34
399,Selig,Petkovic,spetkovic5i@abc.net.au,Male,23.9.197.160
400,Ugo,Ballentime,uballentime5j@seattletimes.com,Male,105.119.79.206
401,Cherri,Askie,caskie5k@zimbio.com,Female,253.40.202.45
402,Joelynn,Schirok,jschirok5l@hc360.com,Female,230.204.43.238
403,Harman,Kienlein,hkienlein5m@hexun.com,Male,234.95.23.228
404,Mic,Oles,moles5n@deviantart.com,Male,236.122.185.27
405,Adams,Fowell,afowell5o@freewebs.com,Male,100.31.173.79
406,Rutger,Childerley,rchilderley5p@dagondesign.com,Male,78.94.199.105
407,Beltran,Jobbins,bjobbins5q@wikipedia.org,Male,49.177.78.103
408,Cullan,Buche,cbuche5r@ted.com,Male,41.176.210.105
409,Valery,Pengelley,vpengelley5s@mozilla.com,Female,188.188.201.96
410,Frederich,Rubie,frubie5t@shinystat.com,Male,90.108.126.216
411,Agretha,Pretswell,apretswell5u@time.com,Non-binary,90.25.211.170
412,Hinze,Beaushaw,hbeaushaw5v@mail.ru,Male,15.27.250.173
413,Frazier,Rehorek,frehorek5w@sciencedaily.com,Polygender,91.160.255.203
414,Claudina,Osgordby,cosgordby5x@narod.ru,Female,254.65.107.204
415,Kacey,Ewert,kewert5y@webnode.com,Female,188.61.205.1
416,Fons,Lissandrini,flissandrini5z@deliciousdays.com,Male,241.44.196.235
417,Salaidh,Gambrell,sgambrell60@nih.gov,Female,252.140.23.207
418,Renell,Rymmer,rrymmer61@wsj.com,Female,223.184.75.132
419,Valery,Calderhead,vcalderhead62@blogspot.com,Female,154.84.84.84
420,Taryn,Jeffs,tjeffs63@hexun.com,Female,55.115.219.160
421,Naoma,Spawell,nspawell64@telegraph.co.uk,Female,197.218.102.235
422,Gilbertina,Fildes,gfildes65@netscape.com,Female,141.119.51.152
423,Grenville,Stanett,gstanett66@soundcloud.com,Genderfluid,171.89.102.1
424,Marysa,Whebell,mwhebell67@bravesites.com,Female,204.9.98.80
425,Lida,Maylard,lmaylard68@cpanel.net,Female,165.225.45.229
426,Bartie,Olliver,bolliver69@mapy.cz,Genderqueer,157.49.10.1
427,Jonathan,Keefe,jkeefe6a@npr.org,Male,154.55.234.23
428,Conny,Cream,ccream6b@deliciousdays.com,Male,33.172.48.125
429,Gracia,Penwell,gpenwell6c@deliciousdays.com,Agender,77.145.46.160
430,Forrester,Batters,fbatters6d@dailymail.co.uk,Male,114.66.200.175
431,Jodee,Sowle,jsowle6e@blogger.com,Female,24.216.150.185
432,Roi,Robic,rrobic6f@businesswire.com,Male,133.12.193.213
433,Von,Guerriero,vguerriero6g@cbsnews.com,Agender,18.231.42.145
434,Lanny,Bollam,lbollam6h@domainmarket.com,Female,187.157.217.52
435,David,Canwell,dcanwell6i@livejournal.com,Agender,159.95.106.14
436,Buiron,Keyho,bkeyho6j@guardian.co.uk,Male,163.23.58.200
437,Fredi,Bryceson,fbryceson6k@flavors.me,Female,237.147.234.18
438,Wenonah,Wudeland,wwudeland6l@biglobe.ne.jp,Genderqueer,147.170.227.102
439,Isacco,Vinau,ivinau6m@yellowpages.com,Male,92.233.190.188
440,Katie,Benion,kbenion6n@hp.com,Female,106.235.158.35
441,Hershel,Landsborough,hlandsborough6o@weebly.com,Male,48.5.61.209
442,Stacy,Devenny,sdevenny6p@miibeian.gov.cn,Female,224.143.238.50
443,Even,Briant,ebriant6q@barnesandnoble.com,Male,241.110.113.60
444,Eberto,Bettaney,ebettaney6r@seattletimes.com,Male,185.73.208.165
445,Grenville,Joselevitch,gjoselevitch6s@virginia.edu,Male,36.181.184.57
446,Cherilynn,Reightley,creightley6t@engadget.com,Female,244.206.158.107
447,Oneida,Beardsworth,obeardsworth6u@apple.com,Female,19.22.242.212
448,Anatollo,Mickleborough,amickleborough6v@wikia.com,Male,31.235.96.239
449,Garwin,Carbine,gcarbine6w@cyberchimps.com,Male,240.246.221.13
450,Husein,Hocking,hhocking6x@ehow.com,Male,114.171.165.164
451,Natala,Decort,ndecort6y@list-manage.com,Female,201.2.21.147
452,Homerus,Scurfield,hscurfield6z@vistaprint.com,Male,91.15.54.231
453,Leif,Richardsson,lrichardsson70@tamu.edu,Polygender,2.113.79.213
454,Oliver,Rawsen,orawsen71@bluehost.com,Male,2.229.75.42
455,Rudolph,Theyer,rtheyer72@amazon.de,Male,59.10.123.70
456,Morris,Trower,mtrower73@slideshare.net,Male,68.105.249.145
457,Diana,Tansley,dtansley74@bloglines.com,Female,5.238.94.7
458,Barr,Cumberpatch,bcumberpatch75@alexa.com,Male,47.183.173.210
459,Giacomo,Barks,gbarks76@newsvine.com,Male,247.34.3.143
460,Sydney,Kenwyn,skenwyn77@ow.ly,Male,219.0.43.127
461,Berry,Houlson,bhoulson78@ted.com,Female,174.134.12.150
462,Garvin,Lazell,glazell79@ucla.edu,Male,4.149.185.167
463,Pammi,Edginton,pedginton7a@ycombinator.com,Female,250.110.91.145
464,Eugenia,Swabey,eswabey7b@cpanel.net,Female,19.112.4.182
465,Karol,Tomlinson,ktomlinson7c@de.vu,Female,136.221.207.148
466,Onfroi,Gaenor,ogaenor7d@abc.net.au,Male,250.1.155.183
467,Iain,Labroue,ilabroue7e@w3.org,Male,196.28.17.33
468,Leora,Bullion,lbullion7f@ucoz.com,Female,163.138.121.161
469,Killian,Louca,klouca7g@prweb.com,Non-binary,102.228.221.151
470,Joane,Putland,jputland7h@studiopress.com,Female,75.126.165.186
471,Thoma,Timmermann,ttimmermann7i@cafepress.com,Male,77.172.146.186
472,Larina,Lombard,llombard7j@smugmug.com,Female,69.166.195.154
473,Boone,Flounders,bflounders7k@arstechnica.com,Male,184.208.43.194
474,Amye,Tolson,atolson7l@bluehost.com,Female,189.233.176.225
475,Felisha,Lenchenko,flenchenko7m@salon.com,Female,38.133.189.5
476,Tim,Norheny,tnorheny7n@amazon.co.uk,Male,90.190.40.224
477,Bettine,Denisyuk,bdenisyuk7o@bing.com,Female,55.220.164.200
478,Joline,Cunde,jcunde7p@imageshack.us,Female,214.67.68.187
479,Derrek,Wapplington,dwapplington7q@google.cn,Male,76.122.102.238
480,Joya,Brickwood,jbrickwood7r@livejournal.com,Female,212.147.10.176
481,Osgood,Farndell,ofarndell7s@loc.gov,Male,164.28.159.8
482,Thomasin,Penk,tpenk7t@tumblr.com,Female,76.146.115.35
483,Jessee,Rowbrey,jrowbrey7u@yellowbook.com,Male,201.91.95.240
484,Gracia,Knellen,gknellen7v@businesswire.com,Female,184.145.30.15
485,Allegra,Duquesnay,aduquesnay7w@google.com.au,Female,233.220.161.107
486,Mordy,Smullen,msmullen7x@mashable.com,Male,224.131.13.78
487,Quentin,Dilke,qdilke7y@istockphoto.com,Female,146.206.72.206
488,Alanah,Browell,abrowell7z@blogs.com,Female,90.122.200.131
489,Lucila,Hylands,lhylands80@fotki.com,Female,90.230.92.116
490,Abby,Woodthorpe,awoodthorpe81@latimes.com,Female,53.252.27.87
491,Kristin,Dugdale,kdugdale82@howstuffworks.com,Female,104.74.251.86
492,Delia,Jarrold,djarrold83@washingtonpost.com,Female,222.255.240.52
493,Roseanna,Checcucci,rcheccucci84@php.net,Female,161.4.71.197
494,Nessa,Snoding,nsnoding85@buzzfeed.com,Female,176.185.148.38
495,Ax,Bamlett,abamlett86@hatena.ne.jp,Male,37.126.82.99
496,Rheba,Mattioli,rmattioli87@technorati.com,Female,165.187.154.121
497,Tessi,Jakoviljevic,tjakoviljevic88@dyndns.org,Female,156.8.240.26
498,Sissy,Short,sshort89@paypal.com,Female,21.104.48.239
499,Jennica,Meffan,jmeffan8a@google.de,Female,124.201.213.186
500,Geoffrey,McGilvra,gmcgilvra8b@privacy.gov.au,Male,175.65.245.221
501,Kelsy,Wasiel,kwasiel8c@tripod.com,Female,221.116.183.82
502,Fonsie,Stygall,fstygall8d@utexas.edu,Male,127.7.166.161
503,Duke,Reeken,dreeken8e@cyberchimps.com,Male,159.132.25.117
504,Bartholomeo,Knightsbridge,bknightsbridge8f@disqus.com,Male,151.44.176.194
505,Rockey,Crohan,rcrohan8g@yandex.ru,Male,101.216.206.173
506,Julianna,Scrowson,jscrowson8h@sitemeter.com,Female,109.17.59.132
507,Delmore,Getcliff,dgetcliff8i@squidoo.com,Male,67.30.189.222
508,Karilynn,Hackworthy,khackworthy8j@sohu.com,Female,240.229.32.238
509,Gannie,Tointon,gtointon8k@si.edu,Male,197.130.253.213
510,Clementius,Brill,cbrill8l@live.com,Male,255.104.132.147
511,Muhammad,Mathen,mmathen8m@t-online.de,Male,150.167.236.38
512,Chanda,Affron,caffron8n@statcounter.com,Female,209.176.156.251
513,Berkeley,Preddy,bpreddy8o@moonfruit.com,Male,236.154.113.59
514,Terra,Mitcheson,tmitcheson8p@livejournal.com,Female,254.105.223.247
515,Victoir,Riolfi,vriolfi8q@dailymail.co.uk,Male,235.233.239.8
516,Sileas,La Croce,slacroce8r@smugmug.com,Female,56.238.91.45
517,Hercules,Hendrick,hhendrick8s@telegraph.co.uk,Male,36.41.231.15
518,Cameron,Olek,colek8t@oaic.gov.au,Male,27.214.136.182
519,Jolene,Broszkiewicz,jbroszkiewicz8u@csmonitor.com,Female,34.37.47.12
520,Cello,Roscamp,croscamp8v@trellian.com,Male,12.14.174.173
521,Dagmar,Giamitti,dgiamitti8w@seesaa.net,Female,163.148.150.43
522,Margeaux,Stubs,mstubs8x@blogger.com,Polygender,94.232.251.77
523,Witty,Pietroni,wpietroni8y@phpbb.com,Male,82.189.157.4
524,Chris,Kenzie,ckenzie8z@w3.org,Female,143.174.229.4
525,Ulick,Saltern,usaltern90@cam.ac.uk,Male,87.62.35.156
526,Olia,Pfaffe,opfaffe91@indiegogo.com,Female,43.155.197.179
527,Kingston,Longstreeth,klongstreeth92@craigslist.org,Genderfluid,88.134.158.84
528,Aurore,Autin,aautin93@elegantthemes.com,Female,47.6.147.42
529,Coraline,Tollady,ctollady94@hud.gov,Female,140.200.30.92
530,Raychel,Soldi,rsoldi95@etsy.com,Female,243.142.179.234
531,Pavia,Marchelli,pmarchelli96@cargocollective.com,Female,112.95.88.30
532,Brandy,Hinchon,bhinchon97@adobe.com,Female,213.23.191.100
533,Jennette,Lyman,jlyman98@lycos.com,Female,195.158.108.195
534,Deva,Semaine,dsemaine99@independent.co.uk,Female,39.235.160.70
535,Glyn,Buckston,gbuckston9a@fastcompany.com,Male,244.54.102.121
536,Shepperd,Dolby,sdolby9b@miitbeian.gov.cn,Male,175.170.60.177
537,Oralee,Drexel,odrexel9c@livejournal.com,Female,177.87.203.240
538,Tripp,Oslar,toslar9d@wired.com,Male,66.77.232.200
539,Trina,Fulun,tfulun9e@lulu.com,Non-binary,140.6.137.157
540,Llywellyn,Pover,lpover9f@stanford.edu,Male,116.10.186.245
541,Caressa,Boshere,cboshere9g@linkedin.com,Female,122.89.175.54
542,Jeramey,Cashman,jcashman9h@lycos.com,Male,213.152.175.74
543,Dorice,Feary,dfeary9i@google.pl,Female,235.99.34.118
544,Manon,Gunton,mgunton9j@tmall.com,Female,154.117.78.20
545,Johnath,Edens,jedens9k@wiley.com,Female,157.98.116.149
546,Kate,Mapston,kmapston9l@salon.com,Female,149.61.12.146
547,Jena,Stookes,jstookes9m@lycos.com,Female,45.185.58.223
548,Iolande,Kempstone,ikempstone9n@wsj.com,Female,195.151.174.30
549,Ruth,Lambol,rlambol9o@quantcast.com,Female,106.114.25.230
550,Garland,Willcocks,gwillcocks9p@businessinsider.com,Female,161.149.95.66
551,Kass,Gruby,kgruby9q@ucoz.ru,Female,27.138.154.131
552,Margalit,Shrimpling,mshrimpling9r@census.gov,Female,53.96.243.9
553,Annmaria,Shingfield,ashingfield9s@netscape.com,Female,72.80.123.231
554,Claudius,Spelling,cspelling9t@printfriendly.com,Male,193.47.59.108
555,Isabel,Elwood,ielwood9u@soup.io,Female,159.2.239.137
556,Olive,Gadd,ogadd9v@edublogs.org,Female,1.137.101.4
557,Tanya,Mapledoore,tmapledoore9w@google.pl,Female,245.138.93.0
558,Brien,Paff,bpaff9x@mayoclinic.com,Male,186.221.106.112
559,Modesty,Gawke,mgawke9y@constantcontact.com,Female,240.189.127.145
560,Pernell,Lidierth,plidierth9z@sun.com,Male,185.56.153.49
561,Gerri,Bettleson,gbettlesona0@narod.ru,Polygender,162.246.186.29
562,Pegeen,Ghelardoni,pghelardonia1@businessinsider.com,Female,80.72.130.182
563,Arlen,Mirando,amirandoa2@marriott.com,Female,229.144.7.62
564,Teresita,Sabati,tsabatia3@indiatimes.com,Female,232.105.81.48
565,Allx,Rouby,aroubya4@digg.com,Female,239.69.218.72
566,Bendite,Bouldstridge,bbouldstridgea5@oaic.gov.au,Female,248.52.37.60
567,Collete,McCleod,cmccleoda6@deliciousdays.com,Female,114.96.170.105
568,Mason,Cuttle,mcuttlea7@cdbaby.com,Bigender,70.82.40.106
569,Torin,Sammars,tsammarsa8@barnesandnoble.com,Male,9.27.239.55
570,Prinz,Manhare,pmanharea9@salon.com,Male,55.2.146.77
571,Kattie,Velte,kvelteaa@bigcartel.com,Female,51.130.171.83
572,Tildy,Madgewick,tmadgewickab@pagesperso-orange.fr,Female,183.208.194.123
573,Ozzie,Gook,ogookac@cisco.com,Male,185.239.175.73
574,Krishna,Gavini,kgaviniad@drupal.org,Male,104.26.123.168
575,Javier,Davidge,jdavidgeae@t.co,Male,191.247.39.246
576,Arte,Raselles,arasellesaf@dell.com,Male,100.120.139.160
577,Hamid,Melsom,hmelsomag@mtv.com,Male,221.53.19.51
578,Maureen,Brownhall,mbrownhallah@wufoo.com,Female,26.134.190.14
579,Neel,Wyldbore,nwyldboreai@bbc.co.uk,Genderfluid,38.211.182.236
580,Margery,Exeter,mexeteraj@mlb.com,Female,13.220.136.169
581,Chancey,Berdale,cberdaleak@arstechnica.com,Polygender,170.13.19.47
582,Tomlin,Kobel,tkobelal@naver.com,Male,68.47.133.36
583,Wain,MacKeogh,wmackeogham@constantcontact.com,Male,156.117.230.48
584,Zena,Grumell,zgrumellan@scribd.com,Female,80.110.138.200
585,Matteo,Gabriel,mgabrielao@cyberchimps.com,Polygender,206.17.250.203
586,Kesley,Adamsen,kadamsenap@linkedin.com,Genderfluid,34.121.201.116
587,Korey,Osichev,kosichevaq@wordpress.com,Male,246.255.118.10
588,Maribel,Ethelstone,methelstonear@quantcast.com,Female,32.184.216.184
589,Frederic,Dunbar,fdunbaras@weibo.com,Male,19.133.184.248
590,Chaim,Christofle,cchristofleat@businessinsider.com,Male,88.85.57.138
591,Sarina,Fardo,sfardoau@berkeley.edu,Polygender,69.58.3.255
592,Saleem,Widdup,swiddupav@wsj.com,Male,30.3.61.177
593,Tracie,Caukill,tcaukillaw@bandcamp.com,Female,80.174.10.178
594,Traver,Delacour,tdelacourax@cmu.edu,Male,202.135.189.160
595,Antonius,Murrie,amurrieay@craigslist.org,Male,125.82.123.238
596,Giselle,Agney,gagneyaz@cyberchimps.com,Female,240.122.180.44
597,Lin,Denge,ldengeb0@yahoo.com,Genderfluid,77.15.116.209
598,Shaw,Lubeck,slubeckb1@reference.com,Male,63.117.47.213
599,Hodge,Gepson,hgepsonb2@mapy.cz,Male,11.234.173.125
600,Manda,Hewins,mhewinsb3@creativecommons.org,Female,156.172.215.160
601,Jenda,Vawton,jvawtonb4@cisco.com,Female,208.111.16.133
602,Rafaello,Bosworth,rbosworthb5@stanford.edu,Male,2.148.104.83
603,Kellia,Oldmeadow,koldmeadowb6@home.pl,Female,215.226.118.42
604,Nanni,Mc Caghan,nmccaghanb7@diigo.com,Female,180.148.89.15
605,Levy,M'Chirrie,lmchirrieb8@about.com,Male,196.212.62.160
606,Edmund,Teasdale,eteasdaleb9@networksolutions.com,Male,50.43.117.186
607,Jerome,Smuth,jsmuthba@ucsd.edu,Male,35.111.139.58
608,Jocelin,Atheis,jatheisbb@tinyurl.com,Female,67.136.61.172
609,Anetta,Brookbank,abrookbankbc@wikia.com,Genderqueer,192.9.242.84
610,Cos,Lording,clordingbd@drupal.org,Male,95.231.2.129
611,Leopold,Pesek,lpesekbe@weebly.com,Male,37.255.191.165
612,Petunia,Gimlet,pgimletbf@theatlantic.com,Polygender,169.171.164.104
613,Con,Seviour,cseviourbg@usnews.com,Male,49.197.89.241
614,Madella,Charleston,mcharlestonbh@hao123.com,Female,13.122.179.30
615,Heath,Hewins,hhewinsbi@lulu.com,Male,98.115.63.99
616,Starlin,Sumbler,ssumblerbj@cam.ac.uk,Non-binary,126.230.179.179
617,Aldwin,Chapling,achaplingbk@hatena.ne.jp,Male,11.85.174.73
618,Newton,Trowel,ntrowelbl@bloomberg.com,Male,244.136.123.211
619,Donella,Fortesquieu,dfortesquieubm@canalblog.com,Female,194.0.217.236
620,Kipp,Bartolomeo,kbartolomeobn@arizona.edu,Male,199.250.195.86
621,Susette,Itzchaky,sitzchakybo@free.fr,Female,23.18.46.11
622,Winnifred,Vero,wverobp@mapy.cz,Female,141.1.61.1
623,Antonio,Cannam,acannambq@naver.com,Male,136.235.129.75
624,Yvette,Tomaszkiewicz,ytomaszkiewiczbr@multiply.com,Female,41.171.139.49
625,Patrice,Inglefield,pinglefieldbs@nsw.gov.au,Female,60.171.216.89
626,Meggie,Fidock,mfidockbt@imdb.com,Female,19.49.1.208
627,Lindy,Honack,lhonackbu@github.com,Male,216.225.144.113
628,Jacynth,Newband,jnewbandbv@go.com,Female,104.79.0.219
629,Pasquale,Beton,pbetonbw@newsvine.com,Male,189.25.5.204
630,Jehanna,Hairyes,jhairyesbx@cloudflare.com,Female,194.1.80.149
631,Ferrell,Lorentz,florentzby@unesco.org,Male,101.127.115.1
632,Pris,Ronald,pronaldbz@reverbnation.com,Female,217.219.153.156
633,Daisie,Tarborn,dtarbornc0@biblegateway.com,Female,203.28.86.240
634,Calla,Boldra,cboldrac1@google.com,Female,14.242.55.83
635,Thorny,Bosanko,tbosankoc2@harvard.edu,Male,152.67.105.226
636,Ashla,O'Brian,aobrianc3@clickbank.net,Female,70.37.100.66
637,Adelle,Buckberry,abuckberryc4@hao123.com,Female,129.185.234.3
638,Denni,Cowins,dcowinsc5@virginia.edu,Female,212.211.175.207
639,Elijah,Liversidge,eliversidgec6@dell.com,Male,83.234.34.196
640,Sisely,Letixier,sletixierc7@moonfruit.com,Female,145.157.178.80
641,Marjie,Vedekhin,mvedekhinc8@cbslocal.com,Female,175.54.34.185
642,Laraine,Iacofo,liacofoc9@nba.com,Female,250.29.232.38
643,Adelaida,Calleja,acallejaca@amazonaws.com,Female,178.187.138.24
644,Natividad,Addinall,naddinallcb@domainmarket.com,Polygender,31.171.4.105
645,Dori,Bennington,dbenningtoncc@arizona.edu,Female,230.224.221.146
646,Mile,Lansberry,mlansberrycd@usatoday.com,Genderfluid,14.45.199.83
647,Kailey,Silkston,ksilkstonce@360.cn,Female,47.168.231.193
648,Veda,Gammet,vgammetcf@rambler.ru,Female,127.235.108.115
649,Coreen,Tebbit,ctebbitcg@amazon.co.jp,Female,66.35.239.45
650,Muriel,Lightning,mlightningch@paypal.com,Female,85.176.115.117
651,Nevil,Weiser,nweiserci@storify.com,Male,52.14.182.16
652,Juieta,Draisey,jdraiseycj@simplemachines.org,Female,211.65.111.210
653,Reed,Mantrup,rmantrupck@mozilla.com,Genderqueer,124.186.247.147
654,Trevar,Bickerdike,tbickerdikecl@dropbox.com,Male,229.77.95.63
655,Chloette,Ocklin,cocklincm@opensource.org,Female,237.195.138.15
656,Lewes,Pendrill,lpendrillcn@netscape.com,Male,108.204.85.219
657,Adriane,Cruddace,acruddaceco@census.gov,Female,221.114.20.78
658,Dukie,Bolderson,dboldersoncp@t-online.de,Male,246.141.24.240
659,Gaven,Bahde,gbahdecq@wisc.edu,Male,48.126.250.218
660,Dorine,Phillpot,dphillpotcr@a8.net,Female,205.98.79.44
661,Ebenezer,Etienne,eetiennecs@163.com,Male,151.151.199.107
662,Turner,Jacobi,tjacobict@mashable.com,Male,0.229.71.127
663,Ashia,Kewish,akewishcu@t.co,Female,210.110.227.205
664,Xavier,Lytton,xlyttoncv@weebly.com,Male,215.235.152.188
665,Guillermo,Kenneway,gkennewaycw@arstechnica.com,Male,190.216.27.84
666,Cati,Kowal,ckowalcx@imdb.com,Female,144.92.94.149
667,Tonye,Flaune,tflaunecy@hugedomains.com,Female,64.144.18.240
668,Perrine,Woltman,pwoltmancz@myspace.com,Female,74.150.18.18
669,Vincents,Brydell,vbrydelld0@shareasale.com,Male,8.138.96.130
670,Ardene,Meenan,ameenand1@google.es,Female,205.17.178.94
671,Niall,Kruschev,nkruschevd2@sina.com.cn,Male,233.59.163.123
672,Rutter,Brimmicombe,rbrimmicombed3@myspace.com,Male,171.61.90.128
673,Eddie,Popescu,epopescud4@cornell.edu,Female,208.130.255.40
674,Auberta,Gonzalvo,agonzalvod5@squidoo.com,Genderfluid,103.78.148.229
675,Minta,Amberg,mambergd6@skyrock.com,Non-binary,123.244.166.252
676,Amabelle,Lefever,alefeverd7@google.com.au,Female,140.149.206.100
677,Amberly,Picken,apickend8@studiopress.com,Female,164.124.63.184
678,Pierette,Monkley,pmonkleyd9@t.co,Female,181.81.97.132
679,Kevin,Franzonello,kfranzonelloda@prweb.com,Male,121.193.199.217
680,Winni,Brauninger,wbrauningerdb@census.gov,Female,84.12.120.148
681,Ulrica,Agglione,uagglionedc@smh.com.au,Female,102.15.111.118
682,Yancey,Averay,yaveraydd@blogspot.com,Male,212.157.147.14
683,Daphna,Marton,dmartonde@bing.com,Female,20.123.204.159
684,Sollie,Ciccarelli,sciccarellidf@furl.net,Male,220.110.211.189
685,Brittani,Bevington,bbevingtondg@geocities.jp,Female,192.181.92.246
686,Dill,Farrah,dfarrahdh@usa.gov,Male,68.104.161.255
687,Demetrius,Tebbett,dtebbettdi@gov.uk,Male,240.230.180.187
688,Marlane,Parrin,mparrindj@wikipedia.org,Female,48.69.139.200
689,Engracia,Kilfeather,ekilfeatherdk@theglobeandmail.com,Female,243.97.117.186
690,Jodi,Kear,jkeardl@pinterest.com,Female,102.115.79.131
691,Lilly,Libby,llibbydm@simplemachines.org,Female,87.212.233.147
692,Jolie,Abrahamson,jabrahamsondn@wikimedia.org,Female,18.158.227.132
693,Demetrius,Henstridge,dhenstridgedo@vistaprint.com,Male,136.12.73.231
694,Clarinda,Standidge,cstandidgedp@gravatar.com,Female,6.164.153.216
695,William,McGoldrick,wmcgoldrickdq@nasa.gov,Male,82.237.32.103
696,Drona,Joint,djointdr@tinypic.com,Female,211.19.40.115
697,Dorise,Tesseyman,dtesseymands@spiegel.de,Female,50.200.79.37
698,Georgeta,Ivantsov,givantsovdt@stumbleupon.com,Female,116.232.150.169
699,Druci,Cloney,dcloneydu@shinystat.com,Female,244.94.124.249
700,Fredric,Peotz,fpeotzdv@digg.com,Male,165.4.125.196
701,Tobey,Dummigan,tdummigandw@icio.us,Female,137.17.5.83
702,Halie,Bramham,hbramhamdx@goodreads.com,Female,20.87.69.189
703,Jan,Long,jlongdy@hibu.com,Male,175.116.162.236
704,Barth,Hellwing,bhellwingdz@nbcnews.com,Male,122.142.244.89
705,Jourdain,Raywood,jraywoode0@nifty.com,Male,141.168.123.120
706,Korry,Cettell,kcettelle1@cam.ac.uk,Female,156.4.2.66
707,Ancell,Strafen,astrafene2@networkadvertising.org,Male,29.68.112.243
708,Jared,Coxhell,jcoxhelle3@cnet.com,Male,82.139.6.255
709,Orion,Antrack,oantracke4@nbcnews.com,Male,65.97.74.46
710,Hildy,Sabie,hsabiee5@webnode.com,Female,192.148.79.132
711,Elijah,Starbuck,estarbucke6@admin.ch,Male,246.242.150.57
712,Zuzana,Hawking,zhawkinge7@qq.com,Female,182.91.103.133
713,Oralee,de Lloyd,odelloyde8@friendfeed.com,Genderfluid,151.104.130.85
714,Clarence,Malkin,cmalkine9@reddit.com,Male,194.162.11.182
715,Clary,Burlingame,cburlingameea@trellian.com,Female,184.150.137.26
716,Merle,Iorio,miorioeb@dell.com,Male,133.60.26.148
717,Gilburt,Mundle,gmundleec@howstuffworks.com,Male,87.94.138.77
718,Cristine,Frizell,cfrizelled@mapquest.com,Female,25.229.193.252
719,Erhard,Crumb,ecrumbee@smugmug.com,Male,111.75.225.121
720,Tremaine,Nuemann,tnuemannef@virginia.edu,Male,194.186.105.243
721,Klarrisa,McGaraghan,kmcgaraghaneg@unicef.org,Female,121.56.0.254
722,Melodee,MacCarter,mmaccartereh@yahoo.com,Female,143.98.49.187
723,Jeromy,Kloisner,jkloisnerei@qq.com,Male,178.18.164.112
724,Inglis,Schwieso,ischwiesoej@goo.ne.jp,Male,88.151.216.161
725,Marion,Jeness,mjenessek@dropbox.com,Male,217.60.205.63
726,Dania,Waterland,dwaterlandel@adobe.com,Female,194.109.204.245
727,Welch,Brownlea,wbrownleaem@weather.com,Male,202.46.233.164
728,Nicol,Kerrey,nkerreyen@latimes.com,Male,30.86.161.234
729,Chicky,Saddleton,csaddletoneo@qq.com,Female,208.100.12.119
730,Krishnah,McGuffie,kmcguffieep@pen.io,Male,213.46.221.74
731,Margaux,Sowten,msowteneq@flickr.com,Female,62.167.119.106
732,Tarrance,Sparkwill,tsparkwiller@biglobe.ne.jp,Male,173.56.69.153
733,Jania,Mardling,jmardlinges@oakley.com,Female,175.189.238.224
734,Salvatore,Hatherley,shatherleyet@cocolog-nifty.com,Male,31.188.227.57
735,Goddart,Lowless,glowlesseu@ucsd.edu,Male,238.236.66.124
736,Muffin,Makey,mmakeyev@pinterest.com,Genderfluid,133.125.222.237
737,Kerri,Tidmas,ktidmasew@berkeley.edu,Female,91.170.49.207
738,Dorette,Alvarado,dalvaradoex@yahoo.com,Genderfluid,100.135.188.27
739,Addy,Cessford,acessfordey@zdnet.com,Male,184.232.55.78
740,Lorinda,Klaas,lklaasez@dyndns.org,Female,200.20.97.7
741,Kearney,MacNeilly,kmacneillyf0@microsoft.com,Male,63.242.245.123
742,Lanny,Howles,lhowlesf1@squarespace.com,Male,171.160.30.33
743,Dniren,Albone,dalbonef2@angelfire.com,Female,169.154.10.74
744,Katinka,Aubrey,kaubreyf3@sina.com.cn,Female,181.235.113.37
745,Guthrey,Brosetti,gbrosettif4@youku.com,Male,187.58.28.71
746,Sarajane,McConaghy,smcconaghyf5@mlb.com,Genderqueer,249.106.188.246
747,Dacia,Schrir,dschrirf6@sohu.com,Female,152.95.79.167
748,Matias,Brandom,mbrandomf7@myspace.com,Male,13.140.187.131
749,Monika,McGahy,mmcgahyf8@godaddy.com,Female,202.144.79.179
750,Ursola,Nieass,unieassf9@cbsnews.com,Genderqueer,181.182.6.92
751,Rivalee,Clunie,rcluniefa@utexas.edu,Female,217.158.39.182
752,Cleveland,Olsson,colssonfb@macromedia.com,Male,50.163.73.151
753,Marcie,Kedward,mkedwardfc@businessinsider.com,Female,240.225.73.41
754,Ursola,Dabs,udabsfd@cdbaby.com,Female,47.96.226.25
755,Darill,Forlong,dforlongfe@icq.com,Male,120.210.243.73
756,Lemar,Stoppard,lstoppardff@1688.com,Male,224.8.185.37
757,Emogene,Mallender,emallenderfg@ifeng.com,Female,214.205.213.208
758,Hogan,Bunton,hbuntonfh@i2i.jp,Male,190.246.60.121
759,Vaughan,Loggie,vloggiefi@feedburner.com,Male,50.230.93.239
760,Ephraim,Canete,ecanetefj@adobe.com,Male,150.23.247.195
761,Guss,Hender,ghenderfk@github.com,Male,246.70.199.211
762,Britta,Ickovici,bickovicifl@liveinternet.ru,Female,71.38.221.32
763,Mirabelle,Eastop,meastopfm@psu.edu,Female,221.69.222.162
764,Lennie,Dulake,ldulakefn@nasa.gov,Male,182.8.74.112
765,Ollie,Glenn,oglennfo@multiply.com,Female,145.139.140.33
766,Clerissa,Thunderchief,cthunderchieffp@hp.com,Female,201.199.26.59
767,Armin,Huncote,ahuncotefq@bizjournals.com,Male,231.43.104.61
768,Randy,Ragge,rraggefr@google.com,Female,61.203.11.106
769,Rene,Rounsefull,rrounsefullfs@seattletimes.com,Female,5.123.205.155
770,Pepillo,Blakey,pblakeyft@creativecommons.org,Male,93.11.66.42
771,Marcos,Clineck,mclineckfu@phpbb.com,Male,54.33.188.30
772,Derril,Infante,dinfantefv@ameblo.jp,Male,95.146.126.111
773,Alyosha,Paulack,apaulackfw@theguardian.com,Male,22.219.137.61
774,Brodie,O'Riordan,boriordanfx@columbia.edu,Male,223.188.237.220
775,Corny,Coxon,ccoxonfy@ning.com,Male,39.178.29.192
776,Eilis,Arnell,earnellfz@nps.gov,Female,237.187.79.0
777,Artemus,Espada,aespadag0@4shared.com,Male,41.39.2.242
778,Annecorinne,Spoor,aspoorg1@ca.gov,Female,240.225.188.105
779,Ring,Leates,rleatesg2@mapquest.com,Male,0.250.28.153
780,Jemmie,Craze,jcrazeg3@squidoo.com,Female,133.221.250.151
781,Byrle,Dillon,bdillong4@feedburner.com,Male,132.233.53.206
782,Niel,Tallyn,ntallyng5@ovh.net,Agender,206.128.60.185
783,Sibylle,Pratty,sprattyg6@digg.com,Female,12.242.156.255
784,Bernardo,Whittlesea,bwhittleseag7@storify.com,Male,104.98.231.93
785,Honey,Christiensen,hchristienseng8@barnesandnoble.com,Female,255.126.134.160
786,Jamie,Ferrao,jferraog9@joomla.org,Female,6.83.165.20
787,Bernhard,Beagles,bbeaglesga@meetup.com,Male,16.53.66.5
788,Lisha,Fermoy,lfermoygb@army.mil,Female,111.223.49.254
789,Haze,Tchaikovsky,htchaikovskygc@pbs.org,Male,233.138.49.87
790,Saundra,Alger,salgergd@ted.com,Male,196.180.151.185
791,Chandal,McGoogan,cmcgoogange@rediff.com,Female,0.72.152.178
792,Tanhya,Fearnyough,tfearnyoughgf@nsw.gov.au,Female,98.133.202.139
793,Cari,McNutt,cmcnuttgg@pbs.org,Female,60.90.204.122
794,Layne,Gifford,lgiffordgh@google.ru,Female,207.63.169.188
795,Laural,Eighteen,leighteengi@clickbank.net,Female,203.60.21.2
796,Domenic,Brunton,dbruntongj@sogou.com,Male,108.190.156.32
797,Andres,Gelsthorpe,agelsthorpegk@eepurl.com,Male,61.6.76.60
798,Crystal,Malloy,cmalloygl@mac.com,Female,6.226.232.196
799,Millicent,Kares,mkaresgm@time.com,Female,107.126.168.98
800,Dion,Esslement,desslementgn@comcast.net,Male,179.44.27.125
801,Daphene,Insole,dinsolego@usa.gov,Female,38.53.184.119
802,Ralph,Goldie,rgoldiegp@jigsy.com,Male,167.132.199.38
803,Sherlocke,Cline,sclinegq@biblegateway.com,Male,78.157.226.155
804,Sile,Latour,slatourgr@pbs.org,Female,107.210.135.211
805,Jean,Vevers,jveversgs@forbes.com,Female,152.142.97.238
806,Cesya,Dust,cdustgt@nydailynews.com,Female,250.139.86.6
807,Zachariah,Cafe,zcafegu@dmoz.org,Polygender,150.184.193.124
808,Cyrille,Hourihane,chourihanegv@parallels.com,Male,24.40.82.83
809,Celie,Wharfe,cwharfegw@icq.com,Polygender,95.217.153.8
810,Mario,Blodgett,mblodgettgx@biglobe.ne.jp,Genderfluid,109.85.255.40
811,Delora,Dulin,ddulingy@uol.com.br,Female,109.250.168.63
812,Tamar,Stichel,tstichelgz@hhs.gov,Female,30.184.217.33
813,Darb,Valentinuzzi,dvalentinuzzih0@redcross.org,Female,162.182.133.54
814,Abram,Jeffcoat,ajeffcoath1@lycos.com,Male,129.22.42.226
815,Elwyn,Gadney,egadneyh2@slashdot.org,Male,160.97.221.147
816,See,Izhak,sizhakh3@tiny.cc,Male,109.134.174.134
817,Annemarie,Faires,afairesh4@globo.com,Female,204.107.247.191
818,Mandie,Dyke,mdykeh5@amazon.de,Agender,91.247.168.93
819,Cyb,Waldock,cwaldockh6@nydailynews.com,Female,67.220.236.2
820,Cassandry,Buxsey,cbuxseyh7@independent.co.uk,Female,49.42.84.206
821,Cheri,Cockman,ccockmanh8@va.gov,Female,98.221.27.105
822,Sara-ann,Mityashev,smityashevh9@tamu.edu,Agender,100.6.97.145
823,Boycey,Goolden,bgooldenha@engadget.com,Male,169.134.168.175
824,Kimmie,Cockburn,kcockburnhb@unicef.org,Female,87.80.34.221
825,Ainsley,Gillford,agillfordhc@wired.com,Agender,183.20.189.22
826,Craggie,Roxbrough,croxbroughhd@twitter.com,Male,214.184.50.191
827,Novelia,Ast,nasthe@statcounter.com,Female,85.96.226.118
828,Ludovico,Roadnight,lroadnighthf@zimbio.com,Polygender,119.168.180.191
829,Jocko,O'Codihie,jocodihiehg@shinystat.com,Male,18.53.236.108
830,Merill,Lyddy,mlyddyhh@si.edu,Male,196.72.169.55
831,Cherianne,Bradley,cbradleyhi@dailymail.co.uk,Female,56.93.185.159
832,Sherlock,Mynott,smynotthj@marriott.com,Male,185.60.3.254
833,Kacie,Wickett,kwicketthk@aboutads.info,Female,233.10.90.27
834,Dagny,Fike,dfikehl@google.de,Male,150.230.124.104
835,Sianna,Matveyev,smatveyevhm@google.co.jp,Female,9.139.192.242
836,Alix,Atyeo,aatyeohn@reuters.com,Male,174.108.112.111
837,Hashim,Karolewski,hkarolewskiho@sitemeter.com,Male,106.207.220.55
838,Estelle,Beevors,ebeevorshp@pinterest.com,Female,108.201.132.13
839,Brena,Swanton,bswantonhq@vistaprint.com,Female,168.109.183.242
840,Cull,Cake,ccakehr@cafepress.com,Male,180.90.164.177
841,Serena,O'Lunny,solunnyhs@pbs.org,Female,55.162.132.50
842,Chaim,Sweynson,csweynsonht@ca.gov,Male,150.217.254.208
843,Jeannie,Carnilian,jcarnilianhu@howstuffworks.com,Female,163.184.214.122
844,Vlad,Belliss,vbellisshv@is.gd,Male,85.98.96.17
845,Elyse,Galloway,egallowayhw@earthlink.net,Female,140.14.43.18
846,Loren,Sodo,lsodohx@soundcloud.com,Female,75.211.153.39
847,Albina,Ransom,aransomhy@clickbank.net,Female,135.141.99.70
848,Nickola,Rastall,nrastallhz@phpbb.com,Male,60.32.168.1
849,Rossy,Tytherton,rtythertoni0@reddit.com,Male,214.104.18.116
850,Hobey,Fedorchenko,hfedorchenkoi1@1688.com,Male,93.182.101.139
851,Rosa,Betjes,rbetjesi2@feedburner.com,Female,234.236.101.38
852,Becca,Liverseege,bliverseegei3@alexa.com,Female,146.87.153.215
853,Jorrie,Innis,jinnisi4@aol.com,Female,186.21.192.31
854,Care,McCaughan,cmccaughani5@printfriendly.com,Male,25.246.46.129
855,Waldon,Marrington,wmarringtoni6@who.int,Male,9.165.213.117
856,Godart,Lorimer,glorimeri7@aboutads.info,Male,155.85.49.214
857,Averil,Bertlin,abertlini8@wix.com,Male,243.112.101.27
858,Hilarius,Lambrechts,hlambrechtsi9@redcross.org,Male,168.36.124.119
859,Natty,Lanston,nlanstonia@shareasale.com,Male,26.206.101.155
860,Lyndell,Slowgrove,lslowgroveib@icio.us,Female,173.248.98.234
861,Austin,Stolberger,astolbergeric@youtube.com,Male,194.76.245.12
862,Cletus,Stempe,cstempeid@ning.com,Male,62.14.22.77
863,Russell,Midgely,rmidgelyie@printfriendly.com,Male,125.154.134.164
864,Karlotte,Huortic,khuorticif@hibu.com,Female,34.94.115.58
865,Caryn,Whillock,cwhillockig@g.co,Female,161.209.106.74
866,Graham,Lane,glaneih@godaddy.com,Male,113.172.167.161
867,Efren,Mougel,emougelii@illinois.edu,Polygender,184.242.40.37
868,Melodee,Pioli,mpioliij@elegantthemes.com,Female,155.213.24.186
869,Brock,Spadelli,bspadelliik@engadget.com,Male,18.164.218.68
870,Bone,Hedau,bhedauil@moonfruit.com,Non-binary,155.19.25.76
871,Gannon,Watsam,gwatsamim@bbc.co.uk,Male,32.30.127.226
872,Benoite,Risely,briselyin@businessinsider.com,Female,165.248.187.72
873,Bevon,Northfield,bnorthfieldio@123-reg.co.uk,Male,188.235.249.241
874,Roldan,Holywell,rholywellip@huffingtonpost.com,Male,5.82.39.41
875,Charita,Drohun,cdrohuniq@canalblog.com,Female,30.17.72.9
876,Alix,Eyrl,aeyrlir@tmall.com,Female,255.244.171.108
877,Megen,Mingasson,mmingassonis@privacy.gov.au,Female,219.164.235.199
878,Loralee,Jurgen,ljurgenit@walmart.com,Genderqueer,240.110.149.161
879,Donovan,Haney`,dhaneyiu@wikimedia.org,Male,250.20.239.187
880,Gail,Bootell,gbootelliv@princeton.edu,Male,142.74.57.113
881,Garnet,Phette,gphetteiw@jugem.jp,Female,248.184.219.188
882,Allyn,Steels,asteelsix@nps.gov,Female,195.69.106.45
883,Consuela,Mc Coughan,cmccoughaniy@yandex.ru,Female,141.124.182.236
884,Nick,Ragles,nraglesiz@wikispaces.com,Male,69.71.154.189
885,Xenos,Niset,xnisetj0@google.es,Male,97.44.103.45
886,Hilda,Bendin,hbendinj1@bbc.co.uk,Female,49.45.205.147
887,Guglielmo,Schwartz,gschwartzj2@archive.org,Male,171.126.51.163
888,Hercules,Gant,hgantj3@mapy.cz,Male,64.244.187.216
889,Cammy,Jowitt,cjowittj4@weather.com,Agender,146.234.54.203
890,Valentine,Hinze,vhinzej5@wikia.com,Female,218.83.192.29
891,Matthew,Girardeau,mgirardeauj6@answers.com,Male,48.233.250.88
892,Amabelle,Stubbes,astubbesj7@auda.org.au,Female,135.11.28.79
893,Lavinia,Lister,llisterj8@dagondesign.com,Bigender,63.215.92.245
894,Derk,O'Flynn,doflynnj9@nature.com,Male,93.115.18.115
895,Lyndsey,Goulbourn,lgoulbournja@senate.gov,Female,19.157.242.18
896,Nickolai,Blenkinsopp,nblenkinsoppjb@123-reg.co.uk,Male,45.66.170.113
897,Lindsy,Ludlow,lludlowjc@friendfeed.com,Female,172.141.83.147
898,Vonni,Doggerell,vdoggerelljd@stumbleupon.com,Female,213.231.115.173
899,Dennison,Bruhke,dbruhkeje@washington.edu,Male,75.18.52.33
900,Irita,Deakin,ideakinjf@usgs.gov,Female,11.201.120.177
901,Wait,Salleir,wsalleirjg@wp.com,Male,77.253.154.142
902,Bea,Millson,bmillsonjh@simplemachines.org,Genderqueer,225.203.163.146
903,Dennie,Stebbin,dstebbinji@sitemeter.com,Male,186.109.119.55
904,Kylen,Gasson,kgassonjj@admin.ch,Female,150.220.158.59
905,Flint,Isac,fisacjk@jigsy.com,Male,134.29.80.240
906,Ellery,MacCumeskey,emaccumeskeyjl@utexas.edu,Male,61.242.64.99
907,Steffane,Castelin,scastelinjm@whitehouse.gov,Female,163.219.128.202
908,Marijn,Dymoke,mdymokejn@stumbleupon.com,Male,50.76.228.151
909,Thorndike,Schimmang,tschimmangjo@tiny.cc,Male,99.251.67.24
910,Yule,Hoodless,yhoodlessjp@rediff.com,Male,42.212.139.180
911,Andros,Norsister,anorsisterjq@oakley.com,Male,250.26.250.200
912,Oliver,Vlasyev,ovlasyevjr@google.ru,Male,255.150.97.34
913,Ianthe,Lackemann,ilackemannjs@ning.com,Female,84.140.186.237
914,Juieta,Palfreeman,jpalfreemanjt@imgur.com,Female,200.80.113.54
915,Warner,Widdocks,wwiddocksju@oakley.com,Male,248.210.101.108
916,Rodi,Petera,rpeterajv@yahoo.com,Female,68.175.225.58
917,Susi,Haisell,shaiselljw@jimdo.com,Female,165.24.238.224
918,Maible,Goering,mgoeringjx@php.net,Female,34.230.48.95
919,Ashla,Shelvey,ashelveyjy@jugem.jp,Female,47.105.92.140
920,Charles,Stillman,cstillmanjz@t.co,Male,184.122.238.112
921,Ruben,Harraway,rharrawayk0@cnn.com,Male,153.23.2.74
922,Chadwick,Porteous,cporteousk1@bravesites.com,Male,38.42.177.188
923,Meryl,Ccomini,mccominik2@apple.com,Male,178.111.137.219
924,Allison,Simonnin,asimonnink3@mlb.com,Female,188.153.127.199
925,Marianne,Ray,mrayk4@squidoo.com,Female,16.190.89.40
926,Sella,Gwilliams,sgwilliamsk5@answers.com,Female,225.45.200.7
927,Wilfred,Giacomini,wgiacominik6@pinterest.com,Male,123.58.211.231
928,Lockwood,Greenly,lgreenlyk7@privacy.gov.au,Non-binary,206.93.168.42
929,Ritchie,Engley,rengleyk8@blogger.com,Male,89.190.246.248
930,Caty,Kohnemann,ckohnemannk9@ustream.tv,Female,127.107.104.90
931,Shadow,Paulson,spaulsonka@smh.com.au,Male,194.71.149.251
932,Kellen,Smewing,ksmewingkb@senate.gov,Male,242.29.131.180
933,Lorry,Barten,lbartenkc@goodreads.com,Female,5.86.205.204
934,Virginia,Newlove,vnewlovekd@usda.gov,Female,105.18.144.123
935,Lanni,O'Docherty,lodochertyke@example.com,Female,207.214.136.60
936,Glennie,Sheppard,gsheppardkf@lulu.com,Female,63.201.82.125
937,Elna,Tommis,etommiskg@uiuc.edu,Female,34.151.126.240
938,Petra,Hume,phumekh@aboutads.info,Female,10.90.12.149
939,Willy,Lorans,wloranski@dagondesign.com,Male,79.73.138.45
940,Nero,Vedenyapin,nvedenyapinkj@youtu.be,Male,229.130.202.55
941,Brig,Oppy,boppykk@google.com.hk,Male,57.243.157.47
942,Cristobal,Hamflett,chamflettkl@dailymail.co.uk,Male,168.205.43.150
943,Max,Maykin,mmaykinkm@flickr.com,Female,241.95.142.82
944,Lindon,Gillogley,lgillogleykn@ehow.com,Male,133.153.251.12
945,Raye,Klarzynski,rklarzynskiko@shutterfly.com,Female,15.211.117.94
946,Olav,Wailes,owaileskp@ebay.com,Male,102.101.143.43
947,Eddie,Livermore,elivermorekq@apache.org,Male,176.192.54.169
948,Ximenes,Lang,xlangkr@altervista.org,Male,189.135.248.164
949,Fiona,Brignall,fbrignallks@constantcontact.com,Female,101.166.60.182
950,Britte,Benn,bbennkt@cbc.ca,Female,156.61.147.228
951,Ivette,Hext,ihextku@gizmodo.com,Female,135.180.202.85
952,Flss,Childs,fchildskv@amazon.de,Female,46.119.117.6
953,Torie,Crickmoor,tcrickmoorkw@foxnews.com,Female,79.217.200.46
954,Gavra,Fredi,gfredikx@homestead.com,Female,7.211.254.86
955,Oneida,Woolf,owoolfky@tmall.com,Female,34.17.33.232
956,Corabelle,Gallon,cgallonkz@freewebs.com,Agender,167.25.165.173
957,Dori,Fullylove,dfullylovel0@infoseek.co.jp,Female,209.9.78.75
958,Odilia,Land,olandl1@meetup.com,Female,206.143.19.225
959,Malvin,Caillou,mcailloul2@theatlantic.com,Male,192.24.103.121
960,Celka,Bridgewater,cbridgewaterl3@uol.com.br,Bigender,108.70.80.108
961,Chaddie,Andreoletti,candreolettil4@google.fr,Male,207.170.228.198
962,Padraic,Bowskill,pbowskilll5@themeforest.net,Male,225.171.94.124
963,Isidro,Christophe,ichristophel6@sogou.com,Male,186.168.195.251
964,Rosaleen,Rosenberger,rrosenbergerl7@europa.eu,Female,59.115.53.212
965,Riannon,Crinkley,rcrinkleyl8@hostgator.com,Female,143.59.91.214
966,Smitty,Jewar,sjewarl9@mozilla.com,Male,247.0.60.89
967,Johan,Longhorne,jlonghornela@paginegialle.it,Polygender,222.227.213.233
968,Gerick,Dumbar,gdumbarlb@hc360.com,Agender,166.239.230.207
969,Gal,Alyutin,galyutinlc@whitehouse.gov,Male,227.7.108.205
970,Jonathan,Banyard,jbanyardld@ucla.edu,Male,63.150.206.131
971,Eirena,Boggs,eboggsle@fc2.com,Female,60.11.101.213
972,Shaine,Orvis,sorvislf@drupal.org,Male,5.203.183.215
973,Roxanne,Dearan,rdearanlg@cnbc.com,Female,132.181.41.87
974,Moll,Sorrel,msorrellh@hexun.com,Female,211.184.194.165
975,Jasun,Woolerton,jwoolertonli@cnn.com,Male,11.64.210.222
976,Chrissy,Eastcott,ceastcottlj@networkadvertising.org,Female,246.244.238.221
977,Britni,Auckland,baucklandlk@tmall.com,Female,207.239.164.76
978,Marmaduke,Pegler,mpeglerll@plala.or.jp,Male,164.184.33.177
979,Kenn,Douce,kdoucelm@wikipedia.org,Male,221.253.123.68
980,Nicholle,Calton,ncaltonln@shutterfly.com,Female,176.157.163.140
981,Amalee,Shervil,ashervillo@epa.gov,Female,197.171.199.44
982,Sonnie,Muldrew,smuldrewlp@naver.com,Male,247.116.46.236
983,Felicia,Grove,fgrovelq@nyu.edu,Non-binary,101.202.92.237
984,Valentijn,Harmson,vharmsonlr@over-blog.com,Male,253.68.142.101
985,Margret,Bartomeu,mbartomeuls@blinklist.com,Female,179.181.116.21
986,Roanne,Seligson,rseligsonlt@mozilla.com,Agender,166.219.251.172
987,Pavlov,Halburton,phalburtonlu@creativecommons.org,Male,194.138.246.38
988,Lynn,Jane,ljanelv@sun.com,Male,159.150.53.140
989,Selle,Dulson,sdulsonlw@nifty.com,Female,164.128.148.213
990,Devinne,Jentgens,djentgenslx@prlog.org,Genderfluid,203.100.47.180
991,Stan,Mollindinia,smollindinialy@mozilla.org,Male,202.36.58.29
992,Roddie,Dounbare,rdounbarelz@foxnews.com,Male,53.246.63.243
993,Nico,Westpfel,nwestpfelm0@cdc.gov,Male,63.93.51.53
994,Grissel,Rushbury,grushburym1@ed.gov,Female,142.38.103.200
995,Haleigh,Hulburt,hhulburtm2@google.nl,Male,241.146.137.185
996,Aguistin,Butcher,abutcherm3@virginia.edu,Male,157.167.47.40
997,Warner,Hoff,whoffm4@istockphoto.com,Male,197.245.22.234
998,Vikki,Cusick,vcusickm5@stumbleupon.com,Female,200.71.63.166
999,Erhard,Gorhardt,egorhardtm6@telegraph.co.uk,Male,201.50.25.168
1000,Prisca,Bedo,pbedom7@amazon.de,Female,75.146.14.141
1001,Birdie,Fanshawe,bfanshawem8@businessweek.com,Female,129.159.142.53
1002,Merridie,Floodgate,mfloodgatem9@bloglovin.com,Female,216.153.2.229
1003,Maddie,Lowton,mlowtonma@purevolume.com,Male,82.94.98.108
1004,Dori,Gayforth,dgayforthmb@ftc.gov,Female,117.107.213.57
1005,Ethelin,Bockman,ebockmanmc@facebook.com,Female,207.31.135.105
1006,Glendon,Yearnes,gyearnesmd@ow.ly,Male,55.94.39.12
1007,Nalani,Dimelow,ndimelowme@imdb.com,Female,23.65.15.126
1008,Fianna,Vedmore,fvedmoremf@angelfire.com,Female,95.198.130.1
1009,Erin,Spoors,espoorsmg@usatoday.com,Male,193.195.116.147
1010,Papageno,Meric,pmericmh@va.gov,Genderqueer,198.241.231.109
1011,Frank,Kennifeck,fkennifeckmi@behance.net,Male,186.172.109.254
1012,Connor,Khosa,ckhosamj@flavors.me,Male,242.233.194.173
1013,Stacie,McCarlich,smccarlichmk@gravatar.com,Female,148.169.133.60
1014,Tabbitha,Gabriel,tgabrielml@pcworld.com,Female,239.92.78.179
1015,Ezequiel,Ksandra,eksandramm@twitpic.com,Male,177.20.159.221
1016,Joela,Zohrer,jzohrermn@facebook.com,Female,36.206.168.87
1017,Fara,O'Noulane,fonoulanemo@unc.edu,Female,18.49.6.30
1018,Guendolen,Fernely,gfernelymp@ebay.com,Female,206.254.63.83
1019,Dorey,Lightwing,dlightwingmq@dell.com,Male,26.158.87.188
1020,Evangeline,Vasyutochkin,evasyutochkinmr@baidu.com,Genderqueer,54.132.118.210
1021,Broderick,Eicke,beickems@pagesperso-orange.fr,Male,151.166.55.174
1022,Carlynn,Hughes,chughesmt@photobucket.com,Agender,254.58.81.162
1023,Idette,Jeannequin,ijeannequinmu@examiner.com,Polygender,126.56.81.8
1024,Sayer,Camacho,scamachomv@imageshack.us,Male,153.136.222.99
1025,Anselma,Gajownik,agajownikmw@blog.com,Non-binary,2.74.88.243
1026,Joly,Mortlock,jmortlockmx@cbslocal.com,Female,22.252.104.36
1027,Ernestus,Bennison,ebennisonmy@newsvine.com,Male,16.132.62.98
1028,Ursuline,Hincks,uhincksmz@freewebs.com,Female,121.107.176.27
1029,Timmi,Martensen,tmartensenn0@goo.ne.jp,Female,201.231.90.226
1030,Delmar,Nourse,dnoursen1@nydailynews.com,Male,55.173.202.132
1031,Alain,Diviny,adivinyn2@ameblo.jp,Male,2.158.72.28
1032,Gage,Chanter,gchantern3@gmpg.org,Male,118.37.153.139
1033,Charlena,Lindenberg,clindenbergn4@columbia.edu,Female,217.194.219.29
1034,Haydon,Trewhela,htrewhelan5@eventbrite.com,Male,5.168.175.96
1035,Biron,Burrow,bburrown6@europa.eu,Male,67.243.104.51
1036,Florri,Merill,fmerilln7@tripadvisor.com,Agender,30.24.99.158
1037,Ansel,Medling,amedlingn8@aboutads.info,Male,161.64.93.22
1038,Dory,Karlowicz,dkarlowiczn9@liveinternet.ru,Male,21.190.63.127
1039,Juan,Semiras,jsemirasna@yahoo.co.jp,Male,124.120.10.36
1040,Paula,Grahlman,pgrahlmannb@xrea.com,Female,4.183.124.73
1041,Ronnica,Pedrocchi,rpedrocchinc@yandex.ru,Genderqueer,198.132.155.28
1042,Cornie,Magauran,cmagaurannd@europa.eu,Male,250.105.15.93
1043,Leshia,Beake,lbeakene@theglobeandmail.com,Female,137.138.205.158
1044,Marylou,Larby,mlarbynf@i2i.jp,Female,24.222.10.199
1045,Doti,Gioan,dgioanng@linkedin.com,Female,171.73.220.191
1046,Rosalie,Baptie,rbaptienh@blinklist.com,Female,186.220.242.78
1047,Dara,Cockren,dcockrenni@amazon.co.jp,Female,237.236.29.233
1048,Juline,Ivanichev,jivanichevnj@stanford.edu,Female,88.228.231.157
1049,Domenico,Casini,dcasinink@whitehouse.gov,Male,253.23.40.144
1050,Tore,Bestman,tbestmannl@amazon.de,Male,124.245.76.177
1051,Iggy,Vidler,ividlernm@salon.com,Agender,96.227.78.34
1052,Vic,Birkhead,vbirkheadnn@sbwire.com,Male,214.18.211.101
1053,Gran,Dubock,gdubockno@51.la,Male,201.124.132.37
1054,Jere,Durek,jdureknp@sphinn.com,Male,58.37.232.202
1055,Mireielle,Mabone,mmabonenq@unicef.org,Female,160.119.252.142
1056,Evania,Loxdale,eloxdalenr@feedburner.com,Non-binary,67.37.165.108
1057,Thain,Geharke,tgeharkens@paypal.com,Male,49.99.6.103
1058,Harmonia,Nickell,hnickellnt@over-blog.com,Polygender,59.240.105.78
1059,Antonie,Slaymaker,aslaymakernu@illinois.edu,Female,107.24.28.92
1060,Harmon,Legan,hlegannv@gravatar.com,Male,117.64.90.55
1061,Tadio,Allridge,tallridgenw@howstuffworks.com,Male,25.23.97.139
1062,Meagan,Philippou,mphilippounx@surveymonkey.com,Female,116.253.114.60
1063,Dimitri,Nise,dniseny@instagram.com,Male,108.211.7.250
1064,Sandra,Bruhnsen,sbruhnsennz@apache.org,Female,54.191.62.214
1065,Cammi,Cabotto,ccabottoo0@opera.com,Non-binary,172.187.9.89
1066,Richy,Fewtrell,rfewtrello1@si.edu,Male,116.172.18.163
1067,Maurice,Aleksidze,maleksidzeo2@indiegogo.com,Male,193.193.179.245
1068,Homere,Herrero,hherreroo3@psu.edu,Male,207.235.232.30
1069,Gordy,Yglesia,gyglesiao4@unicef.org,Genderqueer,153.128.76.32
1070,Reuben,Meadows,rmeadowso5@ycombinator.com,Male,15.246.241.128
1071,Ev,Breadon,ebreadono6@cisco.com,Male,117.183.55.171
1072,Pamelina,Stidworthy,pstidworthyo7@usatoday.com,Female,167.239.155.147
1073,Cristionna,Casale,ccasaleo8@eepurl.com,Female,105.43.69.17
1074,Colly,Grimme,cgrimmeo9@homestead.com,Female,87.240.11.208
1075,Shaun,Cutteridge,scutteridgeoa@creativecommons.org,Agender,195.6.234.194
1076,Rozanna,Beeching,rbeechingob@cyberchimps.com,Non-binary,42.57.240.39
1077,Roseanne,Laboune,rlabouneoc@yahoo.co.jp,Female,186.31.142.230
1078,Rickie,Pettman,rpettmanod@alibaba.com,Male,75.55.69.22
1079,Hortense,Stot,hstotoe@mapquest.com,Female,251.212.112.228
1080,Eileen,Raddan,eraddanof@typepad.com,Female,187.45.15.101
1081,Reynolds,Rekes,rrekesog@linkedin.com,Male,110.67.51.156
1082,Salomo,Stile,sstileoh@washingtonpost.com,Male,131.94.8.21
1083,Wadsworth,Wellesley,wwellesleyoi@taobao.com,Male,218.255.200.6
1084,Claudelle,Craigs,ccraigsoj@fc2.com,Female,126.23.209.33
1085,Roddie,Karchowski,rkarchowskiok@purevolume.com,Male,3.45.66.253
1086,Creight,Tunnah,ctunnahol@gizmodo.com,Bigender,85.24.133.52
1087,Adi,Arnason,aarnasonom@nydailynews.com,Female,152.175.103.40
1088,Micky,Eton,metonon@ehow.com,Female,125.137.161.231
1089,Netti,Golton,ngoltonoo@webeden.co.uk,Female,174.241.254.122
1090,Felizio,Pummery,fpummeryop@google.co.jp,Male,228.129.60.199
1091,Lorri,Baughan,lbaughanoq@twitpic.com,Female,88.16.91.140
1092,Nick,Adamovsky,nadamovskyor@mayoclinic.com,Genderqueer,118.239.126.129
1093,Quinn,Ranson,qransonos@simplemachines.org,Female,123.81.116.66
1094,Robena,Noddle,rnoddleot@hibu.com,Female,72.173.46.128
1095,Lyman,Brickham,lbrickhamou@hao123.com,Male,244.249.179.232
1096,Hildegaard,Ratazzi,hratazziov@ibm.com,Agender,105.236.13.47
1097,Luise,Nafzger,lnafzgerow@stumbleupon.com,Female,199.174.122.152
1098,Sinclare,Coddington,scoddingtonox@weather.com,Male,16.148.154.226
1099,Hagan,Kytley,hkytleyoy@themeforest.net,Male,0.40.93.158
1100,Allyn,Scourge,ascourgeoz@ning.com,Male,36.135.65.146
1101,Amerigo,Andrzejewski,aandrzejewskip0@ox.ac.uk,Male,25.195.24.239
1102,Constancy,Gamil,cgamilp1@google.pl,Female,68.222.193.0
1103,Donnell,Posten,dpostenp2@devhub.com,Male,47.70.5.62
1104,Staffard,Vittore,svittorep3@sakura.ne.jp,Male,147.164.213.248
1105,Minne,Matias,mmatiasp4@apache.org,Female,33.83.6.48
1106,Arney,Langforth,alangforthp5@nydailynews.com,Male,241.132.242.49
1107,Pansie,Allain,pallainp6@newsvine.com,Female,246.206.200.197
1108,Coop,Wallbank,cwallbankp7@reuters.com,Agender,189.70.215.219
1109,Cahra,Spinella,cspinellap8@toplist.cz,Female,233.221.123.219
1110,Erich,Rhys,erhysp9@hubpages.com,Male,186.218.183.30
1111,Nance,Mainds,nmaindspa@hexun.com,Female,21.227.179.55
1112,Anselm,Highnam,ahighnampb@vkontakte.ru,Male,227.115.97.25
1113,Mathew,Scotchmor,mscotchmorpc@thetimes.co.uk,Male,117.1.48.81
1114,Shae,Whetton,swhettonpd@blogspot.com,Female,159.201.210.91
1115,Ozzy,Mercy,omercype@ucoz.ru,Bigender,27.41.93.45
1116,Daryn,McQuilty,dmcquiltypf@etsy.com,Female,20.78.16.156
1117,Dulcy,Dury,ddurypg@zdnet.com,Female,112.55.160.108
1118,Gayle,Schrieves,gschrievesph@opera.com,Bigender,219.63.26.230
1119,Lois,Ledward,lledwardpi@cloudflare.com,Female,172.184.158.29
1120,Roland,Prettjohn,rprettjohnpj@salon.com,Male,247.241.97.111
1121,Jarrad,Danielski,jdanielskipk@domainmarket.com,Genderqueer,17.103.214.61
1122,Loralyn,Gribble,lgribblepl@ca.gov,Female,89.110.239.43
1123,Nanci,Spurritt,nspurrittpm@imdb.com,Female,160.211.58.30
1124,Thea,Joinsey,tjoinseypn@cbc.ca,Female,65.129.54.246
1125,Haskel,Bythell,hbythellpo@google.pl,Male,208.1.166.242
1126,Archibold,Denyukin,adenyukinpp@soundcloud.com,Male,235.28.114.117
1127,Deerdre,Huffy,dhuffypq@hp.com,Female,148.244.92.25
1128,Alica,Yoseloff,ayoseloffpr@sina.com.cn,Female,86.207.224.50
1129,Gillan,Ashbolt,gashboltps@opensource.org,Female,5.140.46.158
1130,Alasteir,Mellody,amellodypt@mac.com,Male,191.200.156.94
1131,Marcy,Baldoni,mbaldonipu@fotki.com,Female,51.98.27.127
1132,Nichole,Scothorne,nscothornepv@unicef.org,Female,190.55.8.28
1133,Nolie,Georgescu,ngeorgescupw@google.co.uk,Female,92.40.135.95
1134,Mervin,Hallt,mhalltpx@feedburner.com,Male,67.66.139.46
1135,Ahmed,Bowley,abowleypy@tamu.edu,Male,6.76.240.86
1136,Normy,Blaase,nblaasepz@nymag.com,Male,56.196.251.28
1137,Cecil,Clooney,cclooneyq0@csmonitor.com,Female,53.59.9.52
1138,Shay,Phippin,sphippinq1@sitemeter.com,Female,123.82.64.30
1139,Chic,Farress,cfarressq2@yolasite.com,Genderfluid,214.44.181.67
1140,Worthington,Hantusch,whantuschq3@fema.gov,Non-binary,183.230.55.204
1141,Bogart,Winscom,bwinscomq4@shinystat.com,Male,55.117.83.24
1142,Maegan,Rossi,mrossiq5@un.org,Female,121.208.101.225
1143,Tony,Fortnon,tfortnonq6@blogspot.com,Male,244.134.221.162
1144,Mozes,Sidary,msidaryq7@e-recht24.de,Non-binary,240.31.192.90
1145,Lamont,MacFadzan,lmacfadzanq8@sakura.ne.jp,Male,222.240.62.81
1146,Even,Mandrier,emandrierq9@live.com,Male,156.66.61.34
1147,Shurlock,Glasebrook,sglasebrookqa@senate.gov,Male,159.101.170.112
1148,Red,Shilton,rshiltonqb@ted.com,Male,73.178.10.68
1149,Hedi,Santacrole,hsantacroleqc@comcast.net,Female,122.18.120.164
1150,Mikel,Pyner,mpynerqd@blogtalkradio.com,Male,128.132.249.253
1151,Dorene,Porcher,dporcherqe@blog.com,Female,39.115.130.116
1152,Giffy,Bloy,gbloyqf@time.com,Male,137.108.62.4
1153,Bernie,Bowld,bbowldqg@nydailynews.com,Male,97.211.227.158
1154,Griffith,Herion,gherionqh@walmart.com,Male,59.156.222.129
1155,Sunshine,Burmaster,sburmasterqi@hud.gov,Female,123.156.34.222
1156,Lesli,Abberley,labberleyqj@elegantthemes.com,Female,117.237.84.102
1157,Robbie,Laver,rlaverqk@statcounter.com,Female,7.156.201.114
1158,Dennis,Avramov,davramovql@dedecms.com,Male,111.99.3.160
1159,Nevil,Ferreira,nferreiraqm@odnoklassniki.ru,Male,162.210.20.64
1160,Seamus,Rounsefull,srounsefullqn@loc.gov,Male,62.115.115.35
1161,Kennan,Fraschini,kfraschiniqo@soundcloud.com,Male,72.78.234.83
1162,Englebert,Harnor,eharnorqp@about.me,Male,228.18.149.255
1163,Joni,Waterworth,jwaterworthqq@merriam-webster.com,Female,173.115.177.216
1164,Lizbeth,Dorbon,ldorbonqr@google.ca,Female,174.70.229.179
1165,Denise,Theyer,dtheyerqs@free.fr,Female,7.59.86.233
1166,Paulita,Danbye,pdanbyeqt@wsj.com,Female,177.143.146.38
1167,Everard,Ansteys,eansteysqu@reference.com,Male,176.55.88.231
1168,Felipa,Mallinar,fmallinarqv@cisco.com,Female,209.39.251.159
1169,Margret,Racine,mracineqw@pbs.org,Female,113.76.91.171
1170,Lucila,Caldeyroux,lcaldeyrouxqx@squarespace.com,Female,211.179.172.222
1171,Axe,Housaman,ahousamanqy@springer.com,Male,71.230.174.221
1172,Menard,Romei,mromeiqz@illinois.edu,Male,64.112.157.171
1173,Payton,Nuscha,pnuschar0@liveinternet.ru,Polygender,16.219.195.56
1174,Cleopatra,Spear,cspearr1@latimes.com,Female,178.54.74.1
1175,Caterina,Hudghton,chudghtonr2@woothemes.com,Female,195.183.101.254
1176,Roth,Freschini,rfreschinir3@wiley.com,Male,231.36.35.191
1177,Mariana,Nisbet,mnisbetr4@amazon.co.uk,Female,93.163.48.175
1178,Filmer,MacGettigen,fmacgettigenr5@discovery.com,Male,15.170.246.31
1179,Shepard,Hainsworth,shainsworthr6@printfriendly.com,Male,16.240.39.52
1180,Carmella,Gullyes,cgullyesr7@springer.com,Female,40.214.121.62
1181,Iseabal,Mawson,imawsonr8@ibm.com,Non-binary,203.202.84.106
1182,Sherman,Grimwood,sgrimwoodr9@youtu.be,Male,248.34.233.195
1183,Rachel,Snowling,rsnowlingra@patch.com,Female,229.112.7.208
1184,Peder,Scarce,pscarcerb@baidu.com,Genderqueer,146.182.50.81
1185,Gary,Loud,gloudrc@statcounter.com,Male,153.134.142.211
1186,Arvie,Titterell,atitterellrd@51.la,Male,89.229.156.255
1187,Vernen,Wallentin,vwallentinre@vk.com,Non-binary,246.217.172.57
1188,Eziechiele,Rosenberg,erosenbergrf@npr.org,Male,231.98.185.77
1189,Regine,Worsom,rworsomrg@whitehouse.gov,Female,242.181.188.56
1190,Emlyn,Hansen,ehansenrh@dedecms.com,Male,44.154.78.71
1191,Drucy,Durbann,ddurbannri@flavors.me,Female,210.126.159.28
1192,Andriana,Waples,awaplesrj@adobe.com,Female,179.158.252.28
1193,Keane,Izaks,kizaksrk@hostgator.com,Male,168.220.184.40
1194,Gale,Boosey,gbooseyrl@arstechnica.com,Female,217.214.253.79
1195,Jade,Colcomb,jcolcombrm@etsy.com,Female,231.189.154.158
1196,Janeen,Josipovitz,jjosipovitzrn@cisco.com,Female,98.96.122.187
1197,Arin,Gateshill,agateshillro@china.com.cn,Male,192.151.13.81
1198,Hugh,Parmeter,hparmeterrp@rakuten.co.jp,Male,178.34.190.22
1199,Filide,Kirkpatrick,fkirkpatrickrq@dmoz.org,Non-binary,13.77.141.35
1200,Catriona,Darree,cdarreerr@webmd.com,Female,45.68.221.69
