id,first_name,last_name,email,gender,ip_address
101,Vevay,Simao,vsimao0@nbcnews.com,Female,166.189.226.62
102,Mortie,Cunnah,mcunnah1@skype.com,Non-binary,189.58.83.37
103,Freda,Maddigan,fmaddigan2@xrea.com,Female,124.238.82.139
104,Lemmie,Goldis,lgoldis3@jalbum.net,Male,10.206.221.139
105,Reamonn,Jakoubec,rjakoubec4@ehow.com,Bigender,238.56.164.36
106,Aarika,Cicco,acicco5@bloglines.com,Bigender,253.118.163.174
107,Brendon,Febvre,bfebvre6@nsw.gov.au,Male,37.76.79.252
108,Ianthe,Lamming,ilamming7@umn.edu,Female,9.92.161.229
109,Sylvester,Swenson,sswenson8@phpbb.com,Male,53.149.5.78
110,Paulo,Abrahmovici,pabrahmovici9@gmpg.org,Male,220.49.21.87
111,Ferd,Jovovic,fjovovica@psu.edu,Male,14.17.125.100
112,Christoffer,Learmonth,clearmonthb@pinterest.com,Male,68.187.180.87
113,Nichole,Carrell,ncarrellc@psu.edu,Male,242.162.46.188
114,Ethyl,Tallyn,etallynd@tmall.com,Female,186.197.233.103
115,Gisela,Dimitriou,gdimitrioue@so-net.ne.jp,Female,113.193.117.85
116,Lacey,Valenti,lvalentif@last.fm,Female,132.162.84.100
117,Geordie,Wem,gwemg@xrea.com,Male,101.76.61.140
118,Creighton,Putson,cputsonh@yahoo.co.jp,Male,211.212.91.188
119,Terrill,Mathan,tmathani@ucsd.edu,Male,74.227.135.47
120,Breanne,Rushbrook,brushbrookj@nsw.gov.au,Female,39.35.13.159
121,Lind,Wickins,lwickinsk@seesaa.net,Female,211.200.48.68
122,Sibella,Conen,sconenl@tripadvisor.com,Female,142.35.6.243
123,Joela,Bollin,jbollinm@themeforest.net,Female,133.176.20.212
124,Fidelia,Pettifor,fpettiforn@blogtalkradio.com,Female,111.143.3.89
125,Joseph,Schoenrock,jschoenrocko@soundcloud.com,Male,170.151.83.63
126,Avril,Dowsey,adowseyp@blogs.com,Female,235.5.193.77
127,Saleem,Szimoni,sszimoniq@flavors.me,Male,113.56.255.139
128,Kelbee,Jerwood,kjerwoodr@nydailynews.com,Male,19.136.34.232
129,Cassandry,Maken,cmakens@tripod.com,Genderqueer,103.183.83.43
130,Jermayne,Stearley,jstearleyt@ustream.tv,Male,151.79.46.186
131,Charin,Molyneux,cmolyneuxu@craigslist.org,Female,145.90.128.3
132,Port,Hofer,phoferv@geocities.jp,Male,215.183.27.196
133,Kelwin,Sebborn,ksebbornw@netvibes.com,Male,187.11.110.170
134,Norina,Klezmski,nklezmskix@hao123.com,Female,211.135.97.188
135,Rad,Knotte,rknottey@reuters.com,Male,134.75.126.237
136,Gratia,Pink,gpinkz@statcounter.com,Genderfluid,177.215.231.20
137,Kalil,Pancast,kpancast10@sina.com.cn,Male,253.167.47.34
138,Rosella,Markey,rmarkey11@bloglines.com,Female,179.202.32.164
139,Fielding,Conville,fconville12@thetimes.co.uk,Polygender,3.104.195.78
140,Hermine,Townby,htownby13@163.com,Genderqueer,63.252.203.98
141,Denna,McConville,dmcconville14@dell.com,Female,198.198.65.224
142,Matthus,Boucher,mboucher15@mozilla.com,Male,171.138.112.108
143,Micah,Kear,mkear16@naver.com,Male,217.220.120.109
144,Cristy,McEwen,cmcewen17@unesco.org,Female,95.115.67.20
145,Abigael,Bramford,abramford18@facebook.com,Female,156.40.128.126
146,Reamonn,Eble,reble19@clickbank.net,Male,174.139.165.59
147,Giacopo,Bortolotti,gbortolotti1a@comsenz.com,Male,157.237.171.108
148,Eddy,Hanse,ehanse1b@altervista.org,Female,130.169.245.27
149,Millie,Beldom,mbeldom1c@taobao.com,Female,147.138.121.212
150,Denver,Teodori,dteodori1d@trellian.com,Agender,140.73.168.150
151,Hilario,Minogue,hminogue1e@si.edu,Male,77.141.171.135
152,Rozelle,Jelleman,rjelleman1f@furl.net,Female,238.109.73.91
153,Lonnie,Buddington,lbuddington1g@qq.com,Non-binary,248.106.118.169
154,Heidie,Esmead,hesmead1h@google.pl,Female,20.101.28.42
155,Benton,Gallen,bgallen1i@cnet.com,Male,12.117.14.82
156,Catrina,Farrington,cfarrington1j@naver.com,Female,71.215.36.42
157,Bella,Mullally,bmullally1k@sbwire.com,Female,113.100.171.203
158,Sibeal,Sills,ssills1l@flavors.me,Female,206.213.200.159
159,Kikelia,Fishleigh,kfishleigh1m@dedecms.com,Female,186.46.227.200
160,Naomi,Pietruszewicz,npietruszewicz1n@cdc.gov,Genderfluid,234.198.123.198
161,Elvin,Wilkins,ewilkins1o@t.co,Male,52.169.76.90
162,Sinclair,Jakubovsky,sjakubovsky1p@bigcartel.com,Male,219.195.82.92
163,Phineas,Priel,ppriel1q@netscape.com,Male,164.124.142.165
164,Vernen,Gimber,vgimber1r@google.com.hk,Male,8.56.34.100
165,Thomasine,Purser,tpurser1s@huffingtonpost.com,Female,8.110.60.58
166,Ali,Aveling,aaveling1t@geocities.com,Female,143.231.173.135
167,Corey,Jaeggi,cjaeggi1u@livejournal.com,Male,63.233.137.153
168,Kennett,Justice,kjustice1v@ox.ac.uk,Male,16.137.186.253
169,Henryetta,Maplethorpe,hmaplethorpe1w@eepurl.com,Bigender,194.19.166.54
170,Syd,Terris,sterris1x@vkontakte.ru,Male,37.49.102.56
171,Vi,Azema,vazema1y@addtoany.com,Female,251.172.141.182
172,Paddy,Cochet,pcochet1z@weibo.com,Male,53.43.71.169
173,Everard,Buckoke,ebuckoke20@flavors.me,Male,182.253.108.241
174,Amitie,Rizzelli,arizzelli21@ameblo.jp,Female,55.162.71.252
175,Chickie,Campany,ccampany22@privacy.gov.au,Female,158.199.141.147
176,Robbie,Colrein,rcolrein23@skyrock.com,Male,148.156.13.243
177,Cleavland,Quantick,cquantick24@joomla.org,Male,89.131.115.193
178,Sherie,Coughlan,scoughlan25@icio.us,Female,52.231.23.76
179,Koressa,Gadsby,kgadsby26@chronoengine.com,Female,111.73.124.224
180,Giffie,Heitz,gheitz27@scientificamerican.com,Male,156.58.243.18
181,Mirilla,Main,mmain28@angelfire.com,Female,125.176.14.254
182,Estele,Rowan,erowan29@miitbeian.gov.cn,Female,30.204.98.105
183,Rena,Lamps,rlamps2a@tuttocitta.it,Genderqueer,69.63.29.246
184,Valerye,Knoton,vknoton2b@list-manage.com,Non-binary,58.109.43.157
185,Allard,Warden,awarden2c@jimdo.com,Male,155.62.110.49
186,Kris,Maloney,kmaloney2d@vistaprint.com,Male,26.218.199.205
187,Leora,Ibbetson,libbetson2e@answers.com,Female,2.228.45.29
188,Lockwood,Bollen,lbollen2f@netlog.com,Male,224.225.107.147
189,Sargent,Imlen,simlen2g@fotki.com,Male,7.18.77.193
190,Lesya,Coathup,lcoathup2h@desdev.cn,Genderqueer,243.140.127.120
191,Husein,Irce,hirce2i@parallels.com,Genderfluid,103.48.223.174
192,Cesar,Boerderman,cboerderman2j@psu.edu,Male,164.12.173.110
193,Harbert,Antoinet,hantoinet2k@cbsnews.com,Male,102.125.232.255
194,Shaylynn,Petrie,spetrie2l@yahoo.com,Female,53.57.227.189
195,Yardley,Frear,yfrear2m@yelp.com,Male,222.221.8.254
196,Taite,Drillingcourt,tdrillingcourt2n@vinaora.com,Male,202.204.80.140
197,Dorthea,Hawse,dhawse2o@amazon.de,Female,43.166.36.31
198,Rosaline,Pavek,rpavek2p@usa.gov,Female,250.44.236.229
199,Tallie,Kiessel,tkiessel2q@paginegialle.it,Female,19.188.180.75
200,Cobb,Hayselden,chayselden2r@acquirethisname.com,Male,109.193.228.190
