id,first_name,last_name,email,gender,ip_address
1,Ingar,Sexti,isexti0@indiatimes.com,Male,59.69.65.48
2,Anissa,Strute,astrute1@reddit.com,Female,100.33.129.10
3,Ramonda,Eccott,reccott2@free.fr,Female,84.250.48.120
4,Eda,Minett,eminett3@comcast.net,Polygender,125.153.28.189
5,Nadeen,Rebillard,nrebillard4@unesco.org,Female,211.115.163.102
6,Ronny,Crockley,rcrockley5@studiopress.com,Male,131.194.145.159
7,Hewe,Phillcock,hphillcock6@ovh.net,Male,250.29.15.216
8,Palm,Royds,proyds7@ebay.com,Male,54.82.241.52
9,Gustavus,O'Hagirtie,gohagirtie8@topsy.com,Male,6.217.237.58
10,Demetre,Stenett,dstenett9@loc.gov,Male,152.126.126.240
11,Stirling,Ambroix,sambroixa@myspace.com,Male,179.252.104.220
12,Nickie,Haggarty,nhaggartyb@spotify.com,Genderqueer,5.208.73.101
13,Reeba,McAusland,rmcauslandc@sogou.com,Polygender,168.27.123.144
14,Yorke,Bentley,ybentleyd@amazonaws.com,Male,105.123.204.88
15,Alexandros,Wisedale,awisedalee@booking.com,Male,203.8.117.77
16,Reed,Minette,rminettef@printfriendly.com,Male,143.205.145.186
17,Ethelbert,Beefon,ebeefong@phpbb.com,Male,175.3.36.86
18,Indira,O'Clery,iocleryh@cdbaby.com,Female,168.165.85.37
19,Zora,Totterdell,ztotterdelli@hubpages.com,Female,96.198.98.127
20,Drucill,Dayborne,ddaybornej@salon.com,Female,64.155.9.82
21,Timofei,Gorey,tgoreyk@exblog.jp,Male,88.215.76.72
22,Pascale,Docket,pdocketl@google.co.uk,Male,171.32.238.253
23,Kermit,Castan,kcastanm@usgs.gov,Male,207.50.119.38
24,Val,Greenleaf,vgreenleafn@pen.io,Male,224.233.192.50
25,Isidro,Gilluley,igilluleyo@vinaora.com,Male,63.179.114.121
26,Lannie,Kernoghan,lkernoghanp@slate.com,Male,212.141.155.241
27,Giorgi,Clougher,gclougherq@patch.com,Male,122.206.98.246
28,Joceline,Wyrall,jwyrallr@google.com.hk,Genderqueer,97.193.153.144
29,Matty,Schimek,mschimeks@tiny.cc,Bigender,72.191.119.221
30,Kipper,Inderwick,kinderwickt@tripadvisor.com,Male,58.7.244.60
31,Ricki,Bricklebank,rbricklebanku@mapy.cz,Male,43.174.255.163
32,Frasier,Olyfant,folyfantv@webs.com,Genderqueer,223.170.32.20
33,Benjamin,Fetherstan,bfetherstanw@marriott.com,Male,45.252.64.220
34,Antin,Hexum,ahexumx@hibu.com,Male,32.125.35.28
35,Ardelle,Blanchflower,ablanchflowery@ebay.co.uk,Agender,19.80.183.245
36,Kalil,Sussex,ksussexz@devhub.com,Male,189.51.252.38
37,Lynnelle,Redsull,lredsull10@ucoz.ru,Female,41.89.201.51
38,Erminie,Volet,evolet11@nba.com,Female,88.239.44.98
39,Callida,Yare,cyare12@craigslist.org,Female,187.237.168.214
40,Piper,Ripley,pripley13@columbia.edu,Female,97.56.252.197
41,Jessee,Sails,jsails14@hp.com,Male,173.190.106.165
42,Dannye,Goldster,dgoldster15@tumblr.com,Female,246.112.109.17
43,Moyna,Swanborrow,mswanborrow16@shop-pro.jp,Female,23.72.35.152
44,Gerladina,McVitty,gmcvitty17@dmoz.org,Female,114.236.51.240
45,Emelyne,Winspur,ewinspur18@gravatar.com,Female,32.141.189.18
46,Chickie,Covert,ccovert19@google.de,Female,94.254.211.20
47,Andie,Canter,acanter1a@ameblo.jp,Male,0.209.239.232
48,Ira,Colmore,icolmore1b@msn.com,Male,152.60.243.94
49,Kayley,Jesper,kjesper1c@cyberchimps.com,Female,242.218.213.51
50,Husain,Tomicki,htomicki1d@earthlink.net,Male,164.139.226.131
51,Althea,Spiers,aspiers1e@4shared.com,Female,151.169.216.23
52,Malvin,Reboul,mreboul1f@netscape.com,Non-binary,2.125.97.118
53,Jeffrey,Gibard,jgibard1g@google.cn,Male,72.76.116.247
54,Lynsey,Bearcock,lbearcock1h@pinterest.com,Non-binary,44.196.10.137
55,Xaviera,Churchley,xchurchley1i@google.nl,Female,239.141.243.153
56,Angelita,Hamilton,ahamilton1j@canalblog.com,Female,180.190.80.217
57,Temple,Handling,thandling1k@cloudflare.com,Male,113.124.99.253
58,Diane-marie,Lowles,dlowles1l@cdbaby.com,Female,91.65.201.198
59,Barbara,Chillingworth,bchillingworth1m@cdc.gov,Female,151.69.220.151
60,Myrilla,Delong,mdelong1n@netlog.com,Female,42.211.176.103
61,Bella,Buntine,bbuntine1o@wired.com,Female,12.185.57.227
62,Dionne,Pitrasso,dpitrasso1p@nhs.uk,Female,227.235.73.228
63,Pattin,Earry,pearry1q@mac.com,Male,41.124.83.80
64,Loni,Mattingley,lmattingley1r@bravesites.com,Female,164.86.145.183
65,Gale,Twiggins,gtwiggins1s@apple.com,Female,255.23.253.5
66,Hazlett,Durdy,hdurdy1t@printfriendly.com,Male,38.115.206.38
67,Kean,O'Farrell,kofarrell1u@statcounter.com,Male,151.224.51.171
68,Katherina,Berecloth,kberecloth1v@pen.io,Female,120.173.66.164
69,Livvie,Collymore,lcollymore1w@japanpost.jp,Female,205.151.224.23
70,Sigmund,Cardinal,scardinal1x@plala.or.jp,Non-binary,81.176.187.233
71,Irita,Rudledge,irudledge1y@linkedin.com,Female,215.195.56.63
72,Aldwin,Caddell,acaddell1z@army.mil,Male,238.168.119.103
73,Bruce,Radwell,bradwell20@miitbeian.gov.cn,Male,247.59.74.170
74,Olivette,Lisciandro,olisciandro21@wp.com,Female,26.230.181.12
75,Deana,Drennan,ddrennan22@harvard.edu,Female,251.211.71.159
76,Jan,Kippie,jkippie23@godaddy.com,Male,249.191.186.12
77,Elvira,Scotson,escotson24@over-blog.com,Non-binary,99.166.67.177
78,Kimberly,Giacopini,kgiacopini25@w3.org,Female,127.25.67.237
79,Kathy,Irving,kirving26@goo.gl,Female,137.244.219.83
80,Odo,Sircombe,osircombe27@unc.edu,Male,174.214.88.218
81,Ailey,Kochl,akochl28@ask.com,Female,24.131.90.192
82,Edan,Matzel,ematzel29@google.de,Bigender,117.77.145.195
83,Leeanne,Raatz,lraatz2a@economist.com,Female,170.51.174.5
84,Brion,Targe,btarge2b@state.gov,Male,75.92.236.223
85,Nanci,Mathivet,nmathivet2c@wisc.edu,Female,184.73.229.248
86,Bern,Paunton,bpaunton2d@pcworld.com,Male,150.10.131.25
87,Gussie,Deathridge,gdeathridge2e@hc360.com,Female,11.79.26.154
88,Matteo,Haldin,mhaldin2f@narod.ru,Male,151.81.37.177
89,Cyndy,Liver,cliver2g@so-net.ne.jp,Female,172.90.149.21
90,Ruddie,Ridsdole,rridsdole2h@virginia.edu,Male,135.175.218.17
91,Corine,Van der Kruys,cvanderkruys2i@blogs.com,Female,121.70.193.253
92,Christoper,Justice,cjustice2j@bbb.org,Male,210.236.196.14
93,Herculie,Heatlie,hheatlie2k@google.fr,Male,12.252.172.135
94,Holden,Inchan,hinchan2l@unesco.org,Bigender,25.247.94.208
95,Rhett,Prugel,rprugel2m@reddit.com,Male,17.166.166.237
96,Hailee,MacColl,hmaccoll2n@psu.edu,Female,26.87.183.140
97,Stoddard,McGuggy,smcguggy2o@businessweek.com,Female,239.235.59.171
98,Gerome,Hamberstone,ghamberstone2p@clickbank.net,Male,219.129.174.244
99,Nikki,Kilshaw,nkilshaw2q@aboutads.info,Female,232.196.125.166
100,Caroline,McNeely,cmcneely2r@yahoo.co.jp,Female,217.192.33.61
